"participant_id","age","gender","education","prior_earnings","treated","takeup","post_earnings_6m","post_earnings_12m","employment_12m","center_id"
1,50,"female","4",21330,0,1,53688,37191,1,2
2,51,"nonbinary","1",53971,1,1,13555,20775,1,7
3,55,"male","2",6021,1,0,23231,24300,1,10
4,28,"male","3",30162,0,1,42537,19742,1,3
5,33,"male","5",12757,0,0,27343,54346,1,6
6,46,"nonbinary","3",34380,0,1,50213,24671,0,7
7,26,"nonbinary","5",16615,0,0,25346,24029,0,2
8,22,"male","3",17028,1,1,8694,13688,1,2
9,37,"male","3",31330,1,1,18767,20470,1,14
10,36,"female","1",45050,0,1,27290,34315,1,14
11,48,"female","1",34514,0,1,18265,69972,1,9
12,48,"nonbinary","4",27718,1,0,39195,18779,1,14
13,40,"male","5",14990,1,1,25701,19094,1,9
14,37,"male","2",13582,0,1,35703,7602,0,5
15,47,"male","4",18327,1,1,44092,36463,1,2
16,37,"female","5",29171,1,1,11883,47840,1,5
17,36,"female","1",15770,0,0,36507,38229,1,15
18,55,"nonbinary","3",27558,1,1,28294,17920,1,15
19,28,"female","2",18544,1,1,14845,38858,1,13
20,38,"nonbinary","1",14085,1,1,15205,12444,0,1
21,39,"male","2",7169,1,1,10874,12693,1,15
22,48,"female","2",25012,1,1,38564,22684,1,2
23,49,"female","5",84732,1,1,29767,38995,1,8
24,20,"nonbinary","3",28620,0,0,14899,18784,1,12
25,26,"nonbinary","3",31417,0,0,18679,30145,0,5
26,18,"male","1",27964,1,1,78796,46880,1,15
27,27,"female","2",37624,1,1,22599,27140,1,3
28,33,"male","4",11856,1,1,16597,49620,1,2
29,37,"female","2",18383,1,1,52494,22520,1,12
30,30,"female","4",33936,0,1,28862,13684,1,6
31,51,"male","2",48626,1,0,34666,33961,1,5
32,32,"nonbinary","4",10400,0,1,30795,33774,0,1
33,34,"male","4",33002,1,1,43822,25688,1,5
34,32,"male","2",27014,1,0,19392,24806,0,5
35,53,"male","2",18307,1,1,80234,35875,1,2
36,52,"nonbinary","2",26803,1,1,28521,12305,1,1
37,33,"male","1",24275,0,1,54477,24412,0,7
38,45,"female","1",15957,1,1,41067,22809,1,1
39,37,"female","5",19884,0,1,19921,27106,1,8
40,50,"female","3",8619,0,0,33928,17788,0,9
41,40,"male","3",13263,0,1,26525,112247,0,4
42,43,"female","4",42301,0,1,36217,33716,1,3
43,30,"female","4",9562,0,1,30238,31667,1,14
44,51,"nonbinary","1",31581,0,1,31657,17447,1,11
45,38,"female","4",29277,1,1,18871,23740,1,3
46,43,"female","4",19631,0,1,30709,34717,1,6
47,25,"female","4",7007,0,1,32690,7008,1,3
48,45,"nonbinary","5",26161,1,1,66705,33641,1,6
49,50,"male","5",42233,0,0,59279,35804,1,7
50,45,"female","1",33131,1,1,25083,14790,1,11
51,53,"female","3",38309,1,1,30135,33165,1,15
52,20,"nonbinary","4",12739,1,1,39950,42459,1,1
53,30,"male","3",63402,0,1,46596,8073,0,5
54,20,"nonbinary","5",10904,0,1,28057,14841,1,3
55,30,"nonbinary","4",33042,0,1,28720,21980,0,14
56,27,"male","5",24948,1,1,20276,22029,1,3
57,44,"male","5",34915,1,1,43208,29451,0,4
58,37,"male","2",106103,1,0,26683,28980,1,8
59,28,"female","5",51091,0,1,60434,32712,1,6
60,34,"female","2",21277,0,0,24930,36832,1,11
61,35,"female","4",8620,0,1,75549,21011,0,9
62,18,"female","3",17020,0,1,30876,47365,0,15
63,21,"female","4",27248,0,1,35706,41698,1,14
64,37,"female","3",14688,1,1,19240,39549,1,1
65,37,"male","2",12973,0,1,24089,16515,1,11
66,43,"nonbinary","1",11419,1,0,8569,21927,1,2
67,27,"male","1",22001,0,1,21470,60260,1,5
68,55,"male","1",12904,0,0,37843,15975,1,13
69,19,"male","4",13234,0,1,25477,43507,1,14
70,25,"nonbinary","1",40323,0,1,44105,40715,0,1
71,28,"male","3",29762,0,0,14291,28222,0,10
72,27,"female","1",25960,1,1,35034,10299,0,11
73,23,"nonbinary","2",15629,1,1,55113,101264,1,7
74,33,"female","3",25104,1,0,25109,16767,1,2
75,52,"nonbinary","2",20778,0,1,21854,32787,0,7
76,18,"female","3",40460,1,1,43004,54573,1,15
77,30,"female","3",13929,1,1,15959,22305,1,9
78,45,"male","5",36401,1,1,40196,37529,0,9
79,36,"male","5",63973,0,1,20912,15002,1,7
80,26,"male","1",12936,1,1,50094,24256,0,3
81,45,"male","5",14822,0,1,32318,31380,1,15
82,26,"male","1",15566,0,1,14753,43453,1,10
83,30,"nonbinary","1",30263,1,0,22577,20976,1,8
84,52,"nonbinary","5",24265,0,1,18062,84836,0,12
85,47,"nonbinary","5",14655,0,1,18557,66532,1,13
86,18,"nonbinary","5",16466,0,1,13064,87319,1,7
87,25,"female","3",26637,1,1,17133,25554,1,10
88,46,"female","3",23071,1,1,39717,42798,1,9
89,35,"nonbinary","2",28395,0,1,31702,21879,1,6
90,41,"female","4",35629,0,1,47879,68303,1,11
91,50,"female","3",24377,0,1,15589,21913,1,12
92,26,"female","1",41975,0,1,20438,17245,1,6
93,48,"female","4",22742,1,1,16686,20870,1,11
94,24,"nonbinary","1",23474,1,1,36153,38500,1,1
95,47,"male","2",25060,1,1,45163,57872,1,2
96,50,"nonbinary","1",32146,1,1,31804,15445,0,14
97,35,"nonbinary","3",17698,0,1,26863,70338,1,8
98,27,"nonbinary","1",30381,1,1,10284,28990,1,1
99,32,"nonbinary","2",12699,1,1,19610,15965,1,4
100,53,"female","5",45392,0,1,36205,23569,1,2
101,51,"male","1",12036,1,1,26186,33327,0,10
102,36,"male","4",17341,1,1,30827,18539,1,9
103,19,"nonbinary","5",20814,1,1,22158,42686,1,11
104,27,"male","4",32254,1,1,21915,22515,1,2
105,22,"female","1",11006,0,1,21746,13828,1,13
106,40,"male","1",23065,0,1,28542,33737,1,6
107,45,"male","2",20724,1,1,53916,12309,0,15
108,18,"female","3",27044,0,1,28236,11400,1,10
109,52,"female","1",25135,1,1,33512,17738,1,13
110,53,"female","5",17385,1,1,33204,24126,1,3
111,44,"male","4",34838,0,1,37558,44188,1,7
112,38,"female","4",30277,1,1,27467,37793,1,7
113,50,"male","2",44711,0,1,37952,24478,0,15
114,27,"male","2",41464,1,1,23473,13538,0,12
115,33,"male","1",18465,0,1,112775,31133,0,8
116,23,"female","5",7416,1,1,9977,20343,1,3
117,25,"male","4",19040,1,1,40065,30495,1,3
118,25,"female","4",52084,1,1,35718,15194,0,2
119,28,"nonbinary","1",22611,1,0,17582,71997,0,4
120,44,"female","1",49326,1,0,13566,11991,1,10
121,44,"male","5",47964,1,1,28600,23617,0,8
122,40,"female","4",13016,1,1,21611,42463,1,9
123,49,"female","5",48293,0,1,29474,14661,1,8
124,20,"female","2",44417,0,1,36950,36111,1,15
125,53,"male","4",12053,0,1,18377,54964,1,5
126,52,"nonbinary","1",25651,0,1,33330,36066,0,1
127,22,"nonbinary","3",21460,0,0,79670,80480,1,6
128,36,"nonbinary","4",23047,1,1,14980,24796,1,9
129,33,"nonbinary","3",12830,0,0,19580,18531,1,7
130,26,"nonbinary","3",12993,0,1,24260,58819,1,2
131,52,"female","4",20285,1,1,12615,45596,0,3
132,25,"male","5",14696,1,0,26191,34020,1,9
133,36,"male","3",22134,0,1,12075,50785,0,12
134,24,"male","4",15167,1,1,47528,42404,0,2
135,28,"nonbinary","4",17664,1,0,49699,42061,1,10
136,48,"female","2",35602,1,0,19685,25825,1,7
137,42,"nonbinary","5",27135,1,1,35747,25663,0,11
138,43,"male","1",24110,1,1,18591,17416,0,8
139,39,"female","1",24372,0,1,29042,29194,1,5
140,34,"male","1",9361,0,0,20285,66433,0,7
141,38,"nonbinary","4",35181,0,0,23366,37475,1,3
142,26,"female","1",25517,1,1,14776,50156,1,2
143,50,"nonbinary","3",17130,1,1,28423,22826,0,3
144,49,"nonbinary","4",32265,1,1,18126,27985,1,15
145,33,"nonbinary","3",30055,0,1,31458,41139,0,1
146,29,"male","4",40565,1,1,63517,15602,1,3
147,47,"nonbinary","4",21534,1,1,8347,20919,1,3
148,34,"male","2",83995,1,0,40360,25577,1,7
149,20,"female","3",30311,0,1,37427,34530,1,9
150,52,"female","5",14042,1,1,40923,23220,1,8
151,26,"nonbinary","3",16804,1,1,42862,40054,0,14
152,55,"male","5",81200,0,1,12370,20361,1,4
153,41,"nonbinary","2",27511,0,0,26692,27485,0,3
154,24,"female","5",32128,1,1,22486,30142,1,11
155,25,"female","2",35849,1,0,24581,59760,0,5
156,23,"male","1",17089,0,0,11547,18422,1,5
157,49,"female","2",20073,0,1,22291,34543,1,11
158,26,"nonbinary","4",38440,0,1,9473,16929,1,6
159,25,"male","4",22173,1,1,27397,24743,1,1
160,36,"male","2",18097,1,0,56062,9789,0,9
161,30,"nonbinary","4",47307,1,1,25879,17846,1,13
162,29,"male","3",25427,1,1,11116,16442,1,15
163,24,"female","1",29732,0,0,37025,13603,0,14
164,46,"nonbinary","2",38427,1,0,27461,46502,0,15
165,20,"female","4",18357,0,1,10014,26850,0,8
166,21,"female","3",20823,1,1,36861,40304,1,7
167,42,"female","5",33851,1,1,13220,55948,1,12
168,22,"female","4",6456,1,1,28599,8994,1,3
169,20,"nonbinary","5",57082,0,1,32709,7451,0,1
170,28,"female","1",31667,1,0,16642,24392,1,7
171,30,"male","5",20248,0,0,22906,15541,1,15
172,25,"nonbinary","2",28186,1,1,28977,15776,1,7
173,20,"female","2",43790,0,1,9541,13386,1,5
174,20,"female","2",24507,0,1,19861,24653,1,11
175,40,"female","4",12359,1,1,34985,12748,0,6
176,45,"female","2",18963,1,1,12871,27524,1,1
177,43,"nonbinary","1",48779,1,1,46000,6352,1,1
178,34,"female","3",18487,1,1,27354,17659,1,13
179,41,"female","2",28363,0,0,19337,52789,0,8
180,24,"nonbinary","2",15022,1,0,17432,10569,0,12
181,20,"female","1",7648,0,1,33630,26034,1,9
182,38,"nonbinary","1",22772,1,1,29311,39671,1,5
183,31,"nonbinary","1",48658,1,1,34425,18046,1,7
184,46,"nonbinary","5",38619,1,1,33552,30214,1,9
185,54,"nonbinary","1",31096,0,1,17313,33041,1,7
186,24,"male","1",28979,1,0,58972,44574,1,14
187,21,"female","5",13875,1,0,43088,18377,1,3
188,25,"female","5",20147,1,0,25529,17183,1,3
189,38,"female","5",20759,1,1,19255,31129,1,10
190,52,"male","2",18694,1,1,29909,15841,0,12
191,44,"male","5",22293,1,1,18375,26241,0,11
192,50,"male","2",19801,0,1,100260,13686,0,5
193,33,"female","4",17161,1,1,35236,31434,0,10
194,53,"female","5",19896,0,1,46533,19799,1,10
195,32,"male","2",11445,0,1,17650,11740,0,14
196,46,"nonbinary","3",27119,1,1,18802,49043,1,12
197,38,"female","1",38286,1,0,22186,33852,1,9
198,19,"nonbinary","4",25752,0,1,79391,17205,1,12
199,35,"nonbinary","1",18791,0,0,22480,10504,1,4
200,30,"male","3",35863,1,1,21677,78293,0,5
201,50,"female","5",21506,0,1,36121,35361,0,10
202,18,"female","3",49755,1,0,19015,35514,1,10
203,26,"nonbinary","5",29222,0,1,35337,39700,1,15
204,36,"male","3",18521,0,1,49288,22743,0,8
205,40,"female","4",21007,0,1,28046,20162,1,1
206,42,"female","3",70088,0,1,13943,15669,0,11
207,52,"nonbinary","2",21337,1,1,17601,18031,0,4
208,21,"nonbinary","1",31347,0,1,14622,34206,1,8
209,55,"nonbinary","4",41459,0,1,21222,16632,1,9
210,52,"female","1",25466,1,1,21529,52632,1,4
211,31,"nonbinary","5",56477,0,0,26726,24907,1,8
212,21,"male","2",45590,0,1,14256,10487,1,2
213,38,"nonbinary","2",17860,0,0,6649,15708,1,12
214,40,"nonbinary","4",36577,0,0,39712,34480,1,12
215,35,"female","2",69855,1,1,39086,45092,1,5
216,46,"nonbinary","4",31101,1,1,11213,20053,1,7
217,54,"female","4",41332,1,1,30467,36046,1,5
218,25,"female","5",46258,1,1,13042,28547,1,2
219,47,"female","5",41274,1,0,36424,14101,1,15
220,18,"female","2",26713,0,0,23980,23524,1,10
221,44,"nonbinary","1",15425,0,1,24885,23654,1,9
222,43,"male","1",29570,1,1,12160,35571,1,3
223,51,"female","2",39465,0,1,58496,13308,1,7
224,18,"female","3",33210,0,1,17885,11277,1,12
225,18,"male","2",17725,1,1,28012,17349,1,13
226,29,"male","1",38511,1,1,18772,103626,1,4
227,51,"male","4",17997,0,0,49506,29833,0,13
228,54,"female","1",13074,1,0,31145,12012,0,10
229,39,"male","2",28189,1,1,13349,31108,1,11
230,19,"female","5",44062,0,1,12327,11158,1,14
231,35,"female","1",24853,1,1,44193,68366,0,13
232,39,"nonbinary","2",26639,0,1,39116,20019,1,6
233,39,"male","1",22435,0,1,78943,11743,1,2
234,31,"nonbinary","5",18750,1,1,13806,21930,1,10
235,48,"female","1",22840,0,0,34519,15685,1,9
236,34,"male","3",13390,1,0,30849,24354,1,2
237,54,"nonbinary","5",48285,1,1,50231,25219,1,12
238,44,"nonbinary","5",9244,1,1,46943,23372,1,12
239,39,"male","4",13119,1,1,36598,23074,0,12
240,29,"male","4",37677,1,1,58221,13505,0,4
241,36,"female","2",14343,0,1,64084,39764,0,15
242,21,"male","2",50351,1,0,25929,31757,1,12
243,30,"female","3",28818,1,1,42685,21690,0,2
244,38,"male","5",13150,0,1,39609,29438,1,1
245,20,"female","3",14181,1,1,52506,42086,0,7
246,28,"male","3",24191,1,1,7473,30135,1,10
247,23,"male","5",51579,0,1,22138,75318,1,8
248,44,"nonbinary","5",6692,0,1,23531,44334,0,4
249,36,"female","2",15325,1,0,27517,25179,1,14
250,48,"female","4",16068,0,0,11452,23109,1,15
251,37,"female","3",54848,1,1,36257,53141,1,5
252,32,"female","1",13069,0,1,26536,21863,1,11
253,40,"nonbinary","2",50948,1,1,40089,15978,0,11
254,53,"male","3",55691,0,1,44969,34622,0,11
255,28,"male","1",27819,1,1,40726,21402,0,10
256,37,"male","1",11576,0,1,23813,33137,0,6
257,34,"female","5",48554,0,1,22055,102668,1,3
258,26,"female","2",15652,0,1,13303,12624,1,9
259,38,"female","3",21274,0,1,21634,26644,0,4
260,45,"male","4",23330,0,0,31628,113713,0,1
261,36,"male","2",56317,0,1,18874,44289,1,15
262,51,"female","4",16259,1,0,20755,42421,1,5
263,21,"female","4",11337,1,1,15831,41103,1,12
264,54,"male","4",53299,1,1,24531,29405,0,13
265,31,"male","3",57988,0,0,46003,23493,1,11
266,54,"female","1",24632,1,1,20698,21090,1,6
267,47,"male","1",38187,1,0,22528,36249,1,10
268,34,"male","3",31792,0,1,39241,59275,1,2
269,45,"male","3",26004,0,1,25332,12508,1,3
270,48,"female","5",12043,0,1,45095,12199,1,13
271,23,"female","1",36825,0,1,41419,41453,1,9
272,19,"nonbinary","1",15383,0,1,33719,41099,1,6
273,19,"male","3",25605,0,1,10420,70854,1,8
274,21,"female","4",9900,0,0,43242,76216,1,14
275,52,"nonbinary","5",46099,0,1,16234,21063,1,12
276,24,"female","5",31855,1,0,26509,25129,1,3
277,50,"male","4",40831,0,1,42075,13900,1,8
278,51,"nonbinary","1",30748,1,1,20328,14087,1,6
279,41,"nonbinary","3",20706,0,1,57058,18854,1,13
280,47,"nonbinary","3",23319,1,1,18501,12115,0,12
281,22,"female","4",30393,1,0,35119,41939,1,7
282,50,"female","1",18249,0,1,22112,21544,1,15
283,40,"male","2",29033,1,1,26336,17451,1,6
284,19,"female","4",20167,0,1,27275,8019,1,4
285,46,"male","4",56696,0,1,22567,23643,1,12
286,25,"female","2",22629,1,1,25366,33413,1,9
287,52,"female","3",28600,0,1,39527,28389,1,13
288,50,"female","5",25092,0,0,37438,49367,1,10
289,47,"nonbinary","4",18446,0,1,14432,43717,1,7
290,50,"female","3",37960,0,0,38573,38146,1,4
291,25,"female","4",25916,1,1,7319,24020,0,15
292,50,"female","5",25447,1,1,15162,32998,0,12
293,48,"nonbinary","5",23160,1,0,26934,17835,1,9
294,29,"female","4",28957,1,0,41104,58948,1,11
295,44,"male","2",18516,0,1,26137,30814,1,11
296,26,"male","3",22309,1,1,74661,23176,1,5
297,52,"female","2",22538,0,1,26584,46364,0,15
298,32,"male","2",32292,0,0,30885,30316,1,14
299,26,"female","2",14165,1,1,23087,71223,1,5
300,44,"nonbinary","4",32412,0,1,27090,25468,1,7
301,38,"male","4",22555,0,1,36699,35800,1,9
302,48,"male","3",30124,0,1,32029,86316,1,14
303,30,"female","3",38038,1,1,23548,12762,1,7
304,30,"female","4",23239,0,1,8219,28623,0,1
305,33,"female","4",18991,0,1,31760,7719,1,9
306,25,"female","4",27420,0,0,16404,7963,1,3
307,18,"nonbinary","5",13457,0,1,19394,43444,1,7
308,38,"male","5",60480,1,1,3879,47924,1,7
309,49,"female","5",24311,1,1,72050,25814,1,14
310,31,"nonbinary","2",41009,0,1,34062,29178,1,15
311,46,"male","5",39604,1,1,9600,48901,1,8
312,43,"male","3",48669,0,1,53243,40381,1,6
313,34,"nonbinary","4",24785,0,0,13420,24950,1,3
314,22,"nonbinary","5",19376,1,1,52469,13655,0,7
315,29,"nonbinary","1",30122,0,0,22318,13244,0,1
316,52,"female","4",24908,0,1,21972,20069,1,9
317,38,"female","1",27893,1,1,25817,20159,1,11
318,37,"male","5",43666,1,1,37873,15772,1,15
319,30,"female","3",27067,1,1,20778,37004,1,9
320,20,"nonbinary","5",14756,0,1,27723,21982,1,3
321,21,"nonbinary","4",79928,0,1,16766,30267,0,6
322,53,"female","5",17062,1,0,22964,56587,1,12
323,50,"nonbinary","1",14858,1,1,17980,15417,1,4
324,40,"nonbinary","3",29845,0,1,29447,34625,1,1
325,45,"female","5",19028,1,1,8133,29513,1,14
326,31,"nonbinary","3",22317,1,1,25184,26888,1,4
327,49,"male","2",22499,0,1,16922,21509,1,10
328,31,"male","4",74810,1,1,25399,33637,0,3
329,34,"male","5",24494,0,0,35100,37883,1,5
330,31,"nonbinary","3",22104,0,1,16601,35780,1,4
331,19,"male","2",11870,0,1,48159,12870,1,15
332,47,"female","1",30646,1,1,21263,16173,1,15
333,38,"female","2",48369,1,1,20332,39598,1,14
334,33,"male","2",25418,0,1,29645,24061,1,6
335,18,"nonbinary","5",21012,1,1,12478,37196,1,6
336,43,"male","2",24349,0,1,24887,28855,1,1
337,46,"female","2",15891,0,1,13437,11542,0,8
338,48,"male","2",18268,1,1,54490,39564,0,6
339,51,"female","4",23836,0,1,83754,22206,1,13
340,37,"female","5",29045,1,1,41619,26485,1,10
341,45,"male","4",75212,1,1,66124,56348,1,8
342,51,"male","2",43313,0,0,23211,29139,0,8
343,52,"female","2",26724,0,1,16626,15203,1,11
344,47,"nonbinary","5",36695,0,1,23097,33245,1,3
345,54,"male","4",33689,0,1,57361,26973,1,11
346,36,"nonbinary","5",23708,0,1,33463,18635,1,4
347,23,"male","3",42532,1,1,40351,17147,1,4
348,40,"nonbinary","1",18653,1,1,49151,26356,1,11
349,41,"female","4",55986,1,0,28884,29757,0,6
350,53,"male","3",47610,0,0,48654,16072,1,9
351,46,"nonbinary","5",20056,1,1,30980,23630,1,4
352,22,"male","2",17703,1,1,22235,5106,1,6
353,18,"male","2",28253,0,1,16977,36785,1,6
354,29,"male","3",41187,1,1,20412,16805,0,10
355,50,"nonbinary","5",13371,0,1,11987,32443,1,7
356,39,"nonbinary","1",18625,1,1,27214,56939,0,11
357,22,"male","1",37718,1,1,26148,28086,1,10
358,40,"nonbinary","2",37425,0,1,35781,85617,1,6
359,21,"nonbinary","4",18126,0,0,73887,20795,1,2
360,54,"nonbinary","1",37701,1,1,18537,26358,0,8
361,28,"female","2",13692,0,1,38394,39728,1,10
362,54,"female","3",33528,0,1,14809,24864,0,10
363,39,"male","2",26667,0,1,17502,105389,1,15
364,34,"nonbinary","1",29477,0,1,14536,23864,1,7
365,45,"male","3",23006,1,1,68384,42324,1,1
366,35,"female","2",19691,0,1,27289,13667,1,7
367,32,"nonbinary","1",18354,0,1,24816,46371,1,12
368,51,"nonbinary","4",17751,0,1,34424,30381,1,15
369,43,"female","1",69038,1,1,28665,9472,1,13
370,52,"female","3",48402,1,1,19065,51995,0,12
371,24,"male","1",16493,1,1,42644,22997,0,11
372,20,"female","3",45945,1,0,36216,25265,1,9
373,44,"female","4",33834,1,1,27183,24003,0,4
374,24,"female","1",19262,0,1,19342,17887,1,14
375,31,"female","3",23172,1,1,23982,8881,1,14
376,47,"nonbinary","2",42417,1,0,29056,14048,1,4
377,51,"male","4",11980,0,1,36924,77111,1,5
378,42,"male","3",22087,0,1,51701,54752,0,1
379,39,"male","2",24514,1,0,13643,16219,1,14
380,26,"male","3",24276,0,1,13628,12451,1,15
381,53,"female","1",40191,0,1,15908,28870,1,11
382,47,"nonbinary","2",22154,1,1,33407,17628,1,13
383,42,"male","4",22940,0,1,49948,22246,1,12
384,25,"male","2",24822,1,1,16826,48903,1,6
385,36,"male","4",22818,1,1,50882,23855,0,7
386,41,"female","4",25960,0,1,22321,45875,0,13
387,24,"female","3",16777,1,0,28530,57712,1,12
388,36,"male","3",44778,0,0,73325,33156,1,9
389,28,"male","3",17791,0,1,20551,71444,1,1
390,30,"female","2",33813,1,1,26447,6825,1,11
391,18,"nonbinary","5",13497,0,1,25383,22896,1,13
392,38,"nonbinary","2",27338,1,1,25143,40459,0,3
393,39,"female","5",29825,0,1,46239,25184,1,11
394,19,"male","3",23022,1,1,23734,25273,0,4
395,47,"male","5",17234,1,1,39068,17910,1,7
396,26,"female","2",18639,0,0,30105,22172,1,10
397,48,"male","2",15343,0,1,32396,53004,0,11
398,54,"female","4",27538,0,1,23783,41639,1,15
399,47,"female","1",32793,0,1,34552,19218,0,4
400,31,"female","1",97814,0,0,30645,39237,1,6
401,40,"nonbinary","5",8769,0,1,32757,30832,1,4
402,36,"nonbinary","5",50945,0,1,16140,24274,1,15
403,32,"male","4",74892,0,1,8987,24963,1,7
404,39,"nonbinary","5",15385,1,1,34672,57542,1,12
405,24,"male","3",46087,0,1,15043,13299,0,7
406,39,"male","1",12372,0,1,12512,37609,1,15
407,46,"nonbinary","1",26560,1,1,36591,26532,1,8
408,27,"nonbinary","4",15847,0,1,30654,61475,1,13
409,28,"female","1",26636,0,1,26649,25574,1,6
410,33,"nonbinary","4",13514,1,1,31622,34968,1,4
411,28,"male","3",64859,1,1,34165,20024,0,12
412,31,"female","3",30505,1,1,8985,19414,0,11
413,27,"female","3",11857,0,1,15670,132325,0,14
414,41,"nonbinary","1",36981,0,1,14433,35276,1,2
415,28,"male","1",28346,0,1,33992,56611,1,6
416,18,"female","5",17605,1,1,25285,26550,1,7
417,42,"male","5",49473,1,0,30920,31655,1,3
418,45,"male","3",14351,0,1,21198,25295,1,2
419,52,"male","5",17914,1,1,24222,15898,1,7
420,44,"nonbinary","4",27529,0,1,40528,44202,1,4
421,25,"female","3",16117,1,0,11277,23216,1,2
422,38,"female","4",17269,1,1,16047,46156,1,4
423,49,"nonbinary","3",11664,0,1,33646,74357,0,1
424,36,"male","2",17659,1,1,31520,23259,1,12
425,48,"male","5",19119,0,1,36686,51107,1,5
426,36,"male","2",11232,1,1,33889,18348,0,11
427,38,"female","1",40852,0,1,29950,16358,0,11
428,21,"female","4",32848,0,1,22015,40825,1,5
429,21,"nonbinary","4",45075,0,1,31990,31298,0,4
430,40,"male","2",69163,1,1,17344,20051,1,7
431,35,"nonbinary","5",18044,0,1,30994,34412,1,7
432,37,"male","5",17093,1,1,64802,16643,1,4
433,21,"nonbinary","3",28800,0,1,29013,24812,0,12
434,39,"nonbinary","4",44221,1,1,14918,10646,1,8
435,18,"nonbinary","2",37538,0,1,15677,20252,0,1
436,39,"female","3",12946,1,1,48398,10861,1,1
437,42,"male","3",46480,1,1,34870,7019,1,1
438,26,"nonbinary","5",27157,1,1,26247,24400,0,2
439,40,"female","1",37232,0,0,13925,31243,0,14
440,51,"female","1",27877,1,1,17519,27032,1,9
441,49,"female","1",31538,1,1,21742,20652,1,4
442,47,"nonbinary","4",30125,0,1,14549,35184,0,6
443,54,"female","5",34555,0,0,61747,19493,0,12
444,28,"female","4",20139,1,1,63307,38872,1,4
445,48,"female","4",35405,1,1,13883,35953,1,8
446,38,"male","3",28652,0,1,42335,15526,1,4
447,30,"female","5",33600,1,0,34092,45401,1,1
448,38,"male","3",35181,1,1,42840,34743,1,1
449,53,"nonbinary","3",49636,1,1,44463,38600,1,12
450,45,"female","5",14785,0,1,29534,54753,1,6
451,22,"female","3",38178,0,1,24091,30908,0,2
452,21,"nonbinary","5",12409,1,1,54743,15156,1,15
453,54,"female","2",35199,1,1,60211,39833,1,8
454,27,"nonbinary","1",10805,1,1,25437,18724,0,5
455,49,"male","1",24146,1,1,29793,31175,0,5
456,18,"male","2",14950,0,0,29680,11809,1,1
457,43,"male","3",30085,0,1,35987,68312,0,2
458,30,"male","1",17758,0,1,33123,38695,1,14
459,55,"nonbinary","3",24415,1,1,24195,80281,1,14
460,25,"female","5",8781,0,1,27826,21563,0,13
461,32,"male","5",28930,0,1,24675,46102,0,15
462,46,"nonbinary","2",24506,0,0,14385,21023,1,15
463,24,"female","2",21439,1,1,17635,12694,1,2
464,51,"male","5",24407,1,1,34638,11105,0,5
465,34,"female","5",12939,1,1,25537,36638,1,7
466,29,"female","3",27881,1,1,26580,22357,1,7
467,51,"male","5",15256,1,1,10380,50000,1,12
468,33,"nonbinary","3",22522,0,1,24273,14525,0,8
469,55,"female","3",18052,0,1,19690,45930,1,2
470,45,"female","4",24106,0,1,17823,47012,0,1
471,46,"male","4",14887,1,1,14311,12183,1,1
472,32,"male","2",19273,0,1,61497,14638,0,1
473,47,"nonbinary","4",21181,1,0,20182,18563,0,11
474,20,"male","3",12159,0,1,54223,14361,1,6
475,39,"female","5",14449,0,0,19611,46127,1,7
476,46,"male","3",59451,1,1,36928,23101,1,14
477,21,"male","4",41540,1,1,27768,24453,1,10
478,44,"female","2",23918,1,1,12028,29138,0,5
479,48,"male","1",33703,1,0,26772,26608,0,7
480,24,"nonbinary","5",27294,0,1,45742,19098,1,2
481,52,"female","2",28819,0,1,20608,30374,1,2
482,36,"female","1",58271,0,1,44933,54199,1,9
483,55,"female","1",14323,0,1,16882,41362,0,5
484,22,"nonbinary","1",22932,0,1,37567,21721,1,7
485,48,"male","2",20896,0,0,29826,115579,1,6
486,32,"male","4",10822,1,1,17253,40219,1,14
487,19,"male","5",18601,0,0,62924,23165,1,14
488,40,"male","5",23042,0,0,33067,15008,1,12
489,39,"nonbinary","1",15189,0,1,14777,20610,1,5
490,38,"male","1",29528,0,1,33030,17467,1,1
491,25,"male","1",21402,1,1,24520,18563,1,2
492,53,"male","3",7208,1,1,46106,20118,1,4
493,20,"nonbinary","4",17568,0,0,23555,43148,1,11
494,18,"nonbinary","5",7811,1,1,46938,20005,1,1
495,35,"nonbinary","2",14780,1,0,66186,31491,0,6
496,54,"female","3",27157,0,1,14255,26563,1,2
497,23,"male","5",24224,1,1,19999,22522,1,10
498,51,"nonbinary","2",20730,0,1,16495,26968,1,7
499,24,"female","5",14474,1,1,33748,43823,1,14
500,24,"nonbinary","5",50653,0,1,12991,45025,0,5
501,36,"nonbinary","4",40407,1,1,24621,11924,0,6
502,43,"nonbinary","2",35731,1,1,24000,37930,0,1
503,20,"male","3",11197,1,0,56939,31698,1,7
504,22,"female","3",35015,0,1,23969,31657,1,11
505,54,"female","3",56010,1,1,14804,12608,0,14
506,21,"female","2",16377,0,1,13677,19903,1,5
507,49,"male","3",11320,1,1,46469,38869,0,6
508,33,"male","1",31479,1,0,69000,28719,1,6
509,35,"nonbinary","3",26201,0,1,23486,16150,1,14
510,20,"nonbinary","5",19267,1,1,48253,15886,0,8
511,20,"male","2",18850,0,0,32014,105620,1,12
512,29,"male","3",19436,0,1,41734,12376,1,12
513,24,"male","4",36408,1,1,40787,26519,0,13
514,43,"male","4",34703,1,1,11564,30802,1,7
515,29,"female","3",20794,1,1,23270,48125,1,8
516,50,"nonbinary","1",13250,1,1,16032,9673,0,10
517,27,"female","1",30989,1,1,12389,28343,0,13
518,22,"female","2",22347,1,1,17164,24458,0,11
519,31,"female","5",25104,0,0,40065,20878,0,4
520,40,"nonbinary","1",24156,1,1,66573,22064,1,11
521,33,"female","1",54688,0,1,20860,56806,1,13
522,46,"nonbinary","2",15394,1,1,24592,24355,1,14
523,26,"female","4",45136,0,0,7654,26451,0,13
524,28,"male","3",36988,1,1,12953,61407,0,2
525,40,"female","3",36514,0,1,25781,25438,1,5
526,53,"female","2",18728,0,1,41712,24921,1,4
527,35,"nonbinary","5",16150,1,0,17212,41728,1,6
528,43,"nonbinary","3",45312,1,1,18207,62042,1,10
529,29,"female","2",11581,0,1,24235,29342,0,13
530,54,"male","2",19833,0,1,28692,50643,1,3
531,19,"male","2",17211,1,1,31218,24269,1,2
532,39,"female","3",21142,0,1,27190,48218,1,10
533,33,"female","1",12843,0,0,21252,39205,1,3
534,29,"male","5",13387,0,1,22790,61469,1,6
535,28,"nonbinary","1",44604,0,0,18494,31367,0,14
536,39,"female","3",25168,1,0,24988,51881,1,12
537,49,"male","5",24998,1,0,63145,92016,1,8
538,36,"nonbinary","4",23449,0,1,23024,48783,0,4
539,32,"nonbinary","1",24698,1,0,21768,17476,1,1
540,47,"male","5",17281,1,1,44029,19092,0,6
541,54,"nonbinary","1",26605,1,1,9778,19084,0,5
542,45,"female","4",60287,0,1,8519,21633,1,13
543,27,"nonbinary","2",10078,1,1,23709,19197,1,10
544,22,"female","1",36877,0,1,31023,34878,1,14
545,18,"male","4",30542,0,1,18327,20423,0,3
546,30,"female","3",36060,1,1,59631,27685,1,2
547,34,"male","4",11513,0,0,13266,14352,0,3
548,38,"male","4",39219,1,0,23015,20868,1,15
549,26,"nonbinary","4",28229,0,0,15679,11566,0,11
550,49,"male","1",26891,1,1,28021,11219,0,4
551,26,"nonbinary","2",49299,1,1,20621,36858,0,6
552,44,"female","1",49199,0,1,33448,52931,1,10
553,39,"nonbinary","5",30544,0,1,21580,32477,1,4
554,38,"male","2",21256,0,1,45986,33177,0,10
555,25,"male","4",24945,0,1,31554,15217,1,3
556,30,"male","4",18259,1,0,49495,15915,1,8
557,45,"nonbinary","3",35858,0,1,40009,37885,1,6
558,54,"nonbinary","3",51643,1,1,30490,26547,0,7
559,37,"male","5",24439,0,0,18222,15990,0,14
560,45,"nonbinary","1",18246,1,0,27648,65377,1,6
561,41,"nonbinary","4",12476,1,1,13341,46041,1,7
562,24,"female","4",9960,0,1,14743,34703,0,11
563,48,"male","3",24617,0,1,41862,23105,1,15
564,44,"male","2",18531,0,0,28446,26866,1,8
565,26,"female","3",13060,0,1,22354,16400,0,2
566,48,"nonbinary","1",43490,1,1,24334,41938,0,5
567,36,"nonbinary","5",40492,1,1,27286,27811,1,8
568,22,"female","2",38115,0,1,19961,22216,1,9
569,49,"male","1",65026,0,1,15809,31666,1,14
570,54,"female","5",29343,1,1,41504,52784,1,12
571,43,"female","3",30997,1,1,30254,21207,1,14
572,31,"female","3",16931,1,1,15148,118286,1,5
573,50,"nonbinary","1",22842,0,1,33372,61081,1,12
574,21,"female","5",22695,0,1,28585,43342,1,2
575,20,"female","4",29573,1,1,24992,27890,1,6
576,38,"nonbinary","1",37536,0,0,34876,60390,1,11
577,39,"female","4",31357,1,0,17303,26235,1,10
578,50,"nonbinary","1",13011,1,1,13424,58941,1,7
579,47,"nonbinary","2",33350,1,1,15733,11882,0,4
580,28,"nonbinary","2",53580,1,1,34775,18144,1,2
581,34,"male","1",30747,1,1,48947,54079,0,8
582,32,"nonbinary","5",29011,0,1,44608,54136,1,3
583,49,"nonbinary","2",38609,0,1,33338,27049,1,11
584,36,"male","5",33356,1,1,46030,43453,0,13
585,29,"nonbinary","5",14555,1,1,74670,43309,1,13
586,55,"male","4",24584,1,0,25318,16160,1,9
587,46,"female","3",23966,1,1,31275,12191,1,4
588,42,"female","4",12742,0,1,34768,18718,0,5
589,31,"female","1",31989,0,1,38535,19821,1,13
590,24,"female","3",13884,1,1,22833,25509,1,15
591,41,"female","3",24790,0,1,18550,36764,1,10
592,26,"nonbinary","3",37870,1,0,25449,27967,1,7
593,47,"nonbinary","4",16983,1,1,64479,33785,0,9
594,19,"female","3",41356,1,1,94432,59764,1,2
595,36,"female","2",14747,1,1,8983,24688,1,2
596,48,"female","3",22730,1,1,14039,14236,0,10
597,37,"female","4",24889,0,1,50512,27616,1,11
598,55,"nonbinary","4",43671,1,1,27179,18284,0,3
599,31,"nonbinary","4",29247,1,1,15006,20391,0,10
600,44,"nonbinary","2",46496,1,1,22663,19933,0,8
601,50,"nonbinary","3",23993,0,1,12763,19001,0,12
602,27,"female","3",43695,0,0,48774,74305,1,5
603,38,"female","2",25016,0,1,34640,24706,1,7
604,24,"nonbinary","1",35460,1,1,23631,11716,1,13
605,51,"nonbinary","5",25357,0,1,42958,9105,0,11
606,51,"male","3",17831,1,1,17680,31476,1,2
607,31,"female","5",24097,1,1,29241,18338,1,3
608,38,"nonbinary","1",16779,1,1,16710,17263,0,15
609,43,"nonbinary","5",54543,1,1,13734,56846,0,1
610,48,"male","2",29180,0,0,12773,28149,0,14
611,27,"female","2",23193,0,0,34222,48647,0,6
612,22,"male","3",61882,1,1,44522,28990,1,2
613,27,"female","2",38893,0,1,9578,25057,1,12
614,31,"male","1",16108,1,1,77154,31162,0,5
615,32,"female","2",29622,1,1,23401,43560,0,7
616,21,"female","5",36650,0,1,30391,26037,1,10
617,48,"female","3",19771,0,1,14283,43640,1,12
618,53,"nonbinary","3",14747,1,1,17834,45802,1,6
619,45,"female","5",17130,0,1,20124,15951,1,12
620,41,"male","1",45252,1,1,11367,25180,0,1
621,32,"female","4",52981,1,1,34237,61707,1,14
622,55,"nonbinary","3",20645,0,1,20759,7093,0,8
623,21,"nonbinary","4",65239,1,1,21475,36178,1,5
624,31,"nonbinary","3",39743,0,1,13664,48247,1,9
625,31,"nonbinary","5",17366,0,0,47351,29086,1,14
626,53,"nonbinary","5",18976,1,1,17135,12694,1,1
627,44,"female","4",31786,1,0,40378,14836,0,7
628,53,"male","2",36877,1,1,31750,29502,1,8
629,50,"male","5",23251,1,1,12667,33341,1,10
630,19,"female","3",33115,0,1,17030,24516,1,11
631,20,"female","3",41283,1,0,32182,12579,1,1
632,53,"female","2",14727,0,1,47187,51182,0,12
633,53,"female","2",59435,1,0,17291,19575,1,5
634,50,"male","4",15184,1,1,51856,95995,1,15
635,18,"male","1",30491,0,1,46145,34544,1,3
636,33,"female","2",33187,1,1,17455,31678,0,7
637,31,"nonbinary","2",39837,0,1,20523,41161,1,8
638,36,"female","5",30596,1,0,24250,43849,0,4
639,48,"nonbinary","3",53416,1,1,19730,68304,0,4
640,48,"male","2",28629,1,1,35330,13453,1,14
641,40,"male","1",9115,1,1,24714,12327,1,9
642,47,"male","5",36904,1,1,17494,27546,1,2
643,39,"female","1",26183,0,1,29948,20373,0,3
644,25,"female","4",86633,1,1,52396,18788,1,5
645,47,"female","4",30788,0,1,30450,19746,1,9
646,52,"female","3",20546,1,1,24795,54633,1,6
647,44,"male","1",17236,1,1,8851,25960,0,8
648,23,"female","1",31259,1,1,7109,9693,1,2
649,27,"female","3",20441,1,1,27863,13363,0,1
650,52,"female","2",14334,1,0,14917,29599,0,11
651,33,"male","2",29956,0,1,19838,23213,1,5
652,43,"nonbinary","1",18822,1,1,20441,10593,0,1
653,29,"female","5",28539,0,1,33308,34606,1,8
654,18,"male","5",39738,1,1,32278,49353,0,6
655,26,"male","4",23541,0,1,21224,27370,1,15
656,27,"male","3",65306,1,1,34274,44314,1,14
657,28,"female","5",15227,0,1,30039,18629,1,15
658,49,"nonbinary","4",13397,1,1,36869,28680,1,14
659,52,"female","5",18675,0,1,35674,11080,0,11
660,21,"female","1",41807,1,1,16162,35831,1,11
661,53,"male","3",30940,1,1,35122,34359,0,5
662,54,"nonbinary","4",29738,0,1,30465,45730,1,4
663,44,"female","2",13513,0,1,26516,97929,1,5
664,48,"male","5",16429,1,1,28347,26511,1,6
665,41,"female","5",22518,0,1,31841,25824,1,15
666,43,"female","5",37369,0,1,45511,11725,1,15
667,35,"male","2",17591,0,1,27228,48930,0,15
668,51,"male","2",25287,1,1,10888,30105,1,11
669,40,"female","3",25429,1,1,37574,22424,1,11
670,18,"male","1",17558,0,1,72317,13713,0,11
671,29,"nonbinary","1",48275,1,1,24237,55129,1,6
672,38,"nonbinary","1",12176,0,1,28330,41155,1,14
673,39,"female","4",29936,0,0,14230,64621,0,6
674,39,"nonbinary","4",25966,0,0,25979,45575,0,12
675,32,"female","3",14108,1,1,34999,45562,1,3
676,48,"female","2",24205,0,1,28210,26433,0,6
677,51,"male","1",52212,0,1,11085,29742,1,12
678,23,"male","3",100646,0,1,12770,25702,1,4
679,28,"nonbinary","2",52076,0,0,31283,21849,0,2
680,54,"male","5",14037,0,1,22653,39238,1,3
681,52,"nonbinary","5",22973,1,1,19635,30170,1,15
682,18,"male","5",40189,0,1,38232,17427,1,10
683,38,"nonbinary","4",11947,0,0,19064,16824,0,15
684,47,"male","2",28690,0,1,23018,20916,1,4
685,43,"female","1",21412,0,0,14441,25937,0,14
686,37,"female","5",36614,1,1,11463,24501,0,6
687,25,"male","4",15503,1,1,35904,24803,1,8
688,34,"nonbinary","4",15125,0,1,36060,17168,1,6
689,55,"nonbinary","2",35759,1,0,43140,21714,0,1
690,33,"nonbinary","2",83675,1,1,11961,19519,1,8
691,30,"female","1",29036,0,1,27215,75655,1,4
692,38,"nonbinary","3",45514,1,0,63969,13919,1,10
693,43,"male","1",27842,1,0,22291,22310,1,2
694,37,"nonbinary","4",77453,0,1,25228,13174,1,1
695,49,"nonbinary","2",17581,1,1,24815,68507,0,13
696,27,"male","1",25318,1,1,21287,39247,1,5
697,31,"nonbinary","1",37990,1,0,13556,75547,0,7
698,29,"nonbinary","3",38736,1,1,22879,21401,1,7
699,25,"female","1",39934,1,1,12548,19637,1,12
700,44,"female","1",22150,0,1,15618,43776,1,1
701,23,"female","1",52080,1,1,18304,23922,0,10
702,24,"female","2",31904,1,1,16320,12397,1,8
703,49,"male","3",19284,0,0,24108,42619,0,1
704,24,"male","4",11768,1,1,32606,18570,1,7
705,32,"male","5",43901,1,1,20190,90097,0,2
706,41,"female","4",41032,0,1,18110,20419,1,7
707,34,"female","1",42971,0,1,37474,43961,0,4
708,54,"male","4",25750,1,1,23109,8473,1,15
709,35,"female","1",59244,0,1,14162,33198,1,9
710,48,"nonbinary","3",22781,0,1,21608,42294,1,8
711,44,"male","3",35547,0,1,39548,42786,1,8
712,55,"nonbinary","2",19985,1,0,16419,72307,1,2
713,42,"nonbinary","5",20532,1,1,23014,25230,1,9
714,22,"nonbinary","5",24348,0,1,9003,26834,0,13
715,55,"male","5",39059,1,1,49596,22974,1,4
716,31,"female","3",48092,1,1,54474,36746,1,2
717,35,"male","3",15169,0,0,31065,30877,1,8
718,22,"male","2",13858,0,1,16746,33690,1,8
719,30,"female","5",13449,1,1,30534,25550,1,6
720,31,"female","3",53765,0,1,36953,60538,1,2
721,53,"male","5",59623,0,1,60863,32625,0,13
722,26,"nonbinary","2",22231,0,1,10860,29398,0,5
723,49,"nonbinary","5",17605,1,1,22327,17463,1,12
724,40,"male","5",51215,1,0,23655,26337,1,6
725,53,"female","2",14107,1,1,23447,17131,1,3
726,37,"nonbinary","2",27673,0,0,42987,110072,1,2
727,33,"male","1",26333,0,1,64147,39887,1,2
728,21,"female","2",13396,1,1,19813,23297,1,11
729,45,"female","2",34676,1,1,19991,14839,0,2
730,33,"nonbinary","2",25176,0,0,24239,26594,0,13
731,42,"male","4",31186,1,0,26603,38564,0,11
732,20,"female","5",26129,0,0,50349,49601,0,4
733,26,"nonbinary","4",38784,1,0,20473,22946,0,1
734,19,"nonbinary","2",31256,0,1,28064,10336,0,1
735,23,"nonbinary","2",48308,0,0,25183,56754,0,5
736,23,"female","4",78326,1,1,19352,14222,1,5
737,18,"female","1",15761,0,0,19309,18026,0,12
738,33,"male","1",28985,0,1,33505,13145,0,3
739,50,"male","5",8841,0,1,30648,75969,1,7
740,38,"female","4",31469,0,0,29186,120112,1,8
741,31,"nonbinary","2",77289,0,1,15995,36978,1,2
742,37,"male","2",30713,1,1,20759,56973,0,3
743,55,"nonbinary","5",31228,0,1,33948,20741,1,7
744,31,"female","4",9948,0,1,15657,48986,1,6
745,27,"female","2",22434,1,1,20375,37176,0,6
746,42,"nonbinary","2",20205,0,1,17137,30577,1,4
747,55,"nonbinary","4",28830,1,1,28825,28210,1,3
748,53,"male","3",43050,0,1,31799,57566,0,1
749,32,"male","4",19755,1,1,22568,30941,0,11
750,52,"male","2",20324,0,1,34857,75887,0,11
751,26,"female","4",41015,0,1,19806,34329,1,6
752,27,"female","1",47694,0,1,26449,47652,1,12
753,41,"male","5",21819,0,1,9009,59971,1,7
754,50,"nonbinary","3",34133,0,1,33978,16516,1,11
755,32,"male","3",11161,0,1,53352,48071,1,12
756,53,"female","1",24803,1,1,39887,12711,0,8
757,55,"nonbinary","1",73373,1,1,18022,47254,1,5
758,31,"nonbinary","4",34310,1,1,56297,7546,0,14
759,29,"male","5",20942,1,1,10167,44594,0,9
760,22,"female","1",22168,1,1,72011,33385,1,6
761,30,"female","4",34243,0,1,49409,31784,1,2
762,35,"female","4",52431,1,0,45195,17798,1,7
763,18,"female","3",16341,0,1,39683,24925,1,13
764,43,"nonbinary","3",30358,1,1,44570,52850,1,11
765,35,"female","3",25616,1,1,15070,33494,1,14
766,39,"nonbinary","1",32170,1,0,43107,10903,1,1
767,20,"male","4",30135,0,0,17769,28189,0,4
768,25,"nonbinary","3",25233,0,1,24015,30709,1,7
769,25,"nonbinary","4",16035,1,1,17116,25317,1,12
770,28,"female","4",36193,1,0,18350,18503,0,1
771,45,"female","5",25787,0,1,25928,10016,0,9
772,49,"female","5",30073,0,1,8095,29029,1,4
773,49,"female","3",35251,1,0,31708,41226,1,15
774,45,"male","2",30591,1,1,27212,34229,1,14
775,25,"nonbinary","2",20390,0,1,18638,29657,1,6
776,37,"female","5",38251,1,1,52898,28621,1,6
777,22,"female","2",19658,1,1,33487,41250,1,6
778,53,"nonbinary","5",24898,0,1,39325,45372,1,11
779,54,"female","3",37011,1,1,15461,32336,1,4
780,42,"male","1",34773,1,1,17966,41985,1,9
781,51,"female","2",32747,0,1,23604,113552,1,6
782,35,"nonbinary","2",14066,0,1,28172,72432,0,14
783,30,"female","4",30671,1,1,17668,4248,1,15
784,42,"male","1",12978,1,1,49578,21134,1,9
785,37,"nonbinary","3",21273,1,1,6891,12054,0,2
786,39,"male","3",39561,1,1,79994,48876,1,2
787,44,"nonbinary","3",21320,1,1,38668,17289,1,14
788,34,"female","3",32804,1,1,12991,29680,1,8
789,22,"male","1",14879,1,0,16402,29725,0,9
790,41,"male","1",14816,0,1,26147,50199,1,14
791,24,"male","5",11707,0,1,15007,123008,1,10
792,21,"nonbinary","1",24804,1,1,40863,37848,1,4
793,23,"male","1",22301,0,1,25343,36345,0,12
794,51,"female","3",11222,1,1,35486,11949,1,14
795,51,"female","4",17653,1,1,45482,31183,1,14
796,37,"nonbinary","2",22512,0,1,23152,14833,1,11
797,43,"male","4",19526,1,1,50597,12136,1,2
798,27,"nonbinary","4",20310,0,1,46827,11147,0,4
799,32,"female","4",19467,0,0,48908,40547,1,13
800,46,"nonbinary","3",21461,1,1,13988,83192,0,14
801,28,"nonbinary","5",15204,1,1,28615,23694,0,3
802,23,"male","1",29974,1,1,16633,16628,1,11
803,52,"male","2",26070,1,1,23255,20703,1,3
804,46,"male","5",14461,0,0,27163,6864,1,10
805,43,"female","2",57570,0,1,16727,26076,0,3
806,40,"nonbinary","1",18629,0,0,24873,26325,1,6
807,40,"male","5",30752,0,1,22537,20594,0,8
808,22,"female","2",52623,1,1,8422,62920,1,9
809,41,"male","5",39077,0,1,10933,26760,0,7
810,52,"male","4",21575,1,1,22097,24403,0,9
811,43,"male","2",24347,0,1,12839,22574,1,13
812,41,"nonbinary","3",45465,0,0,14523,72256,1,5
813,47,"female","2",5730,1,1,24303,44804,0,10
814,41,"nonbinary","1",32273,0,0,9431,61018,1,5
815,50,"female","1",9292,1,1,7943,9096,0,13
816,19,"female","5",14612,1,1,25651,20840,1,3
817,21,"nonbinary","1",26767,1,1,25111,20292,1,4
818,25,"nonbinary","3",24024,1,1,27175,17422,1,12
819,26,"nonbinary","5",32366,1,1,29520,18457,1,4
820,49,"male","3",29460,0,1,10695,23673,1,10
821,54,"female","5",28287,1,1,22524,14179,1,6
822,54,"female","4",34233,1,1,26173,17621,1,15
823,51,"female","4",13880,1,1,23223,42334,1,5
824,23,"nonbinary","3",11958,0,1,51778,33240,0,3
825,37,"female","4",11575,1,1,57364,37278,0,11
826,46,"female","1",16371,0,1,17525,18501,1,13
827,40,"male","2",25704,1,1,16774,23319,1,15
828,48,"male","4",18001,1,1,56228,21822,0,9
829,36,"nonbinary","3",29519,1,0,45113,43404,1,8
830,37,"male","4",18991,1,0,23165,38630,1,9
831,22,"male","3",35338,1,1,22848,22761,1,15
832,42,"male","5",59859,1,1,14503,85863,0,9
833,32,"nonbinary","1",50801,0,0,25222,44007,0,11
834,25,"nonbinary","4",29518,0,1,71181,27436,1,2
835,28,"female","2",25804,1,1,24118,18173,1,10
836,27,"nonbinary","1",24842,1,0,42314,72786,1,6
837,44,"male","5",70743,0,1,20909,15852,1,6
838,38,"nonbinary","5",40734,0,1,43415,69706,1,4
839,42,"female","1",17611,1,1,14793,53978,0,1
840,40,"male","1",23811,1,1,27311,22524,1,1
841,34,"male","2",36815,0,1,19454,34549,1,5
842,54,"female","5",19914,1,1,49357,35373,1,3
843,43,"male","2",18954,1,1,8721,34602,1,15
844,26,"female","3",13934,1,1,13435,32796,0,5
845,35,"female","3",12088,0,1,27087,30037,1,4
846,46,"male","1",33718,0,1,64729,42371,0,2
847,25,"male","4",53553,0,1,12714,56955,0,3
848,18,"male","5",7429,1,1,64449,30965,0,6
849,34,"nonbinary","5",16319,1,1,10302,25192,1,15
850,27,"female","4",11795,0,1,26434,28011,1,13
851,48,"male","2",31045,1,1,22652,17697,1,8
852,40,"male","3",36455,0,0,36708,46265,1,11
853,52,"female","5",18128,1,1,38802,18376,0,1
854,32,"female","1",15382,1,1,22100,15966,0,10
855,44,"nonbinary","1",24738,1,1,28319,107701,1,6
856,18,"nonbinary","5",21503,0,0,47445,32675,0,8
857,46,"nonbinary","5",26512,1,1,48211,17795,1,10
858,21,"female","3",34647,1,1,33293,12295,1,15
859,50,"female","1",31811,1,1,30238,33624,1,4
860,32,"female","5",19510,1,0,50064,20907,1,13
861,35,"nonbinary","4",32637,1,1,16551,23546,0,13
862,46,"female","4",24156,0,1,18310,36880,1,3
863,32,"female","1",103970,1,1,19182,41991,0,7
864,19,"male","3",16357,0,1,45480,30032,1,15
865,52,"female","3",10832,1,1,40009,17998,1,8
866,22,"female","3",24237,0,0,30210,21046,1,7
867,25,"female","3",26012,1,1,25972,17260,1,6
868,40,"nonbinary","3",32763,1,1,18463,66013,1,3
869,52,"nonbinary","5",18530,1,1,41234,19069,1,9
870,19,"nonbinary","1",29252,0,1,13481,32021,1,9
871,34,"male","2",19426,0,1,11492,60425,1,8
872,36,"nonbinary","5",17350,0,1,40136,25728,0,12
873,52,"female","4",16893,0,1,13386,69515,1,3
874,33,"nonbinary","5",16311,1,1,39442,19106,0,13
875,50,"nonbinary","4",34798,0,1,17586,45148,1,6
876,50,"nonbinary","1",21694,1,1,45251,40855,1,8
877,33,"female","4",16372,0,1,14947,18257,0,3
878,48,"nonbinary","1",23412,1,1,25185,42942,0,7
879,49,"nonbinary","5",18364,0,0,21583,19530,1,6
880,44,"male","3",52451,0,0,20962,13656,0,15
881,21,"male","2",46674,1,1,38271,20858,1,9
882,46,"male","2",24703,1,1,14767,35264,1,13
883,33,"female","4",15796,1,1,11796,15580,1,14
884,50,"nonbinary","3",16934,0,1,33529,13642,1,6
885,45,"nonbinary","2",9721,0,1,16000,23451,0,1
886,31,"nonbinary","1",65499,1,1,17052,13653,1,5
887,23,"female","1",14646,0,1,11738,26487,1,8
888,23,"female","2",12350,0,1,18061,25773,1,6
889,32,"male","4",16456,0,1,8242,16021,1,12
890,45,"nonbinary","2",33706,0,0,69633,26225,1,14
891,20,"female","1",10442,0,0,31965,71806,1,6
892,24,"male","5",30338,1,1,13684,26354,1,13
893,55,"female","1",44590,1,1,20366,28069,1,13
894,50,"male","2",14669,1,0,14964,22327,1,8
895,49,"nonbinary","5",68984,0,1,41484,30410,1,6
896,54,"nonbinary","4",32111,0,0,4254,54152,1,10
897,33,"male","4",18949,1,1,10967,74937,0,6
898,21,"male","2",23844,0,0,26441,97639,1,7
899,20,"male","1",27926,1,0,36705,29254,1,8
900,50,"nonbinary","4",11349,0,0,32216,24875,1,15
901,33,"male","1",16967,1,0,44646,13041,1,6
902,28,"male","2",49920,1,1,44428,10242,1,5
903,50,"male","1",10894,1,1,20053,62120,1,3
904,27,"nonbinary","5",37362,0,0,35661,20395,0,4
905,46,"male","5",18064,0,0,20699,22501,1,8
906,40,"male","2",7275,1,1,17972,56857,1,5
907,33,"female","3",41369,1,0,11740,13542,0,12
908,30,"male","4",36390,0,1,18381,28564,0,14
909,24,"female","1",34869,0,1,15385,15244,1,14
910,54,"male","2",42732,1,1,15315,9790,0,12
911,18,"nonbinary","5",28618,0,1,69356,17175,1,6
912,40,"male","2",24582,1,1,24827,34423,1,8
913,20,"male","5",24834,0,1,35656,36755,1,1
914,35,"nonbinary","4",13015,1,1,18877,28464,1,14
915,41,"nonbinary","4",20762,1,1,33327,10452,1,1
916,41,"male","4",31656,0,1,35566,34402,0,10
917,53,"female","5",9340,0,0,21858,18228,1,11
918,42,"nonbinary","2",12190,0,1,26832,29174,1,7
919,31,"male","5",29817,0,0,17185,34909,1,10
920,53,"female","4",29182,0,1,15815,12056,1,6
921,28,"male","3",40797,1,1,55176,15714,1,9
922,20,"nonbinary","3",11671,1,0,34462,33731,1,3
923,37,"nonbinary","4",36473,0,0,27441,26203,1,11
924,29,"female","5",22701,0,0,15014,41127,0,8
925,55,"female","4",24761,0,0,13707,41883,1,5
926,18,"female","1",22505,1,0,23510,14126,1,11
927,43,"nonbinary","1",51257,1,1,12446,11936,0,2
928,39,"male","2",25758,1,1,23398,30053,1,6
929,36,"female","4",15648,0,0,16438,51728,0,6
930,48,"female","5",55903,1,1,16435,33703,1,7
931,36,"female","2",32280,0,1,20450,15269,0,9
932,52,"male","3",31348,0,1,15731,7578,1,10
933,34,"female","2",26338,1,1,9865,40564,1,5
934,32,"female","1",42837,1,1,24745,28250,1,4
935,36,"nonbinary","2",16274,1,1,19631,30184,1,6
936,45,"nonbinary","1",40568,1,1,19044,14542,1,1
937,25,"nonbinary","4",12540,0,1,25428,29896,1,7
938,42,"male","2",24783,1,1,18119,36718,1,14
939,31,"nonbinary","4",26691,1,1,23270,26155,0,3
940,31,"male","4",16922,1,1,37483,57530,0,14
941,49,"nonbinary","1",12922,1,1,41980,12491,1,10
942,21,"female","1",30287,1,1,32271,30301,0,14
943,33,"male","1",16552,1,1,23351,47837,1,9
944,31,"nonbinary","2",11610,1,1,29096,22953,1,7
945,20,"female","1",24417,1,1,65505,36374,1,13
946,31,"female","5",95682,1,0,17041,32221,1,9
947,51,"nonbinary","1",26368,0,1,20828,31251,1,3
948,20,"nonbinary","2",23083,0,1,52934,52059,1,4
949,30,"female","3",14310,1,0,34736,18493,1,1
950,53,"nonbinary","2",21140,0,1,25014,10652,0,14
951,37,"male","1",38937,0,1,22319,46591,1,10
952,37,"female","2",13855,0,1,29173,33614,1,10
953,46,"male","2",37694,0,1,39621,39395,1,13
954,54,"male","3",29242,0,0,27038,33539,1,8
955,29,"male","4",15158,1,1,49010,50292,1,10
956,26,"female","3",37451,1,0,15581,58233,0,12
957,52,"female","3",30934,0,1,29975,13324,0,11
958,35,"female","4",43651,0,1,24595,35208,0,8
959,42,"female","1",9584,1,0,16993,30585,0,9
960,43,"female","1",13705,0,1,27073,56424,0,10
961,29,"male","1",34743,1,1,31384,120947,1,12
962,39,"nonbinary","1",20109,1,1,13835,21530,0,6
963,25,"female","5",40246,1,1,34341,35391,1,10
964,52,"male","5",36164,0,1,22299,54290,0,9
965,46,"nonbinary","5",27876,1,0,26677,19055,1,1
966,42,"nonbinary","2",27447,1,1,23775,85981,0,15
967,46,"female","2",21196,0,1,32863,18726,0,12
968,54,"nonbinary","2",29939,1,1,27506,37218,1,1
969,51,"nonbinary","1",10991,1,1,13669,29665,0,15
970,27,"female","4",27574,0,1,15139,35236,1,5
971,33,"female","2",19385,0,1,46325,59335,0,12
972,19,"female","5",25574,1,1,27579,33915,1,2
973,43,"male","5",32142,1,1,27886,26414,1,6
974,31,"female","1",11346,0,1,45581,27238,1,12
975,37,"female","5",18055,1,1,9285,7625,1,2
976,48,"female","5",49978,1,0,20588,75072,0,2
977,37,"female","1",33489,1,1,13078,57818,1,9
978,52,"male","1",25817,0,1,28740,47669,0,14
979,52,"female","2",25802,0,1,26431,89958,0,7
980,44,"nonbinary","4",19466,0,1,13082,39899,1,14
981,28,"female","3",37440,1,1,21947,11847,1,4
982,33,"female","3",34025,0,1,17802,69705,1,7
983,40,"nonbinary","3",47957,1,1,39557,19994,1,2
984,19,"male","2",22638,0,1,22592,81799,1,3
985,31,"male","2",5132,0,1,38837,76936,1,13
986,31,"female","1",24175,0,0,12700,35288,0,1
987,50,"male","4",18896,0,1,28013,31214,1,6
988,35,"male","2",15882,0,1,36872,23614,1,12
989,48,"male","4",19956,0,1,41828,32949,1,2
990,37,"female","5",60275,1,1,34202,15719,1,10
991,52,"male","2",39631,1,1,23362,80635,1,12
992,27,"nonbinary","4",32694,0,1,35115,20294,1,3
993,36,"nonbinary","2",45641,0,0,27576,10138,1,15
994,20,"male","4",24743,0,0,19891,44441,1,15
995,20,"male","5",24087,1,1,16803,20298,1,6
996,55,"nonbinary","5",31614,0,1,24817,20955,1,11
997,45,"nonbinary","5",56125,1,1,25254,65435,1,13
998,43,"female","2",18377,1,1,40296,12695,0,11
999,29,"female","3",8532,0,1,47305,80013,1,1
1000,48,"nonbinary","2",44555,1,1,64232,60055,1,3
1001,18,"nonbinary","4",21719,1,0,28647,23883,1,3
1002,44,"nonbinary","4",18872,0,1,11001,57951,1,15
1003,53,"female","5",11803,0,1,17836,31051,0,4
1004,18,"female","5",33368,0,1,16050,93888,0,6
1005,35,"male","3",16664,1,0,19488,27170,1,15
1006,33,"male","4",14756,1,0,77629,32176,1,4
1007,41,"male","2",50513,0,1,49945,62889,1,9
1008,43,"female","5",38917,1,0,22989,14341,1,14
1009,24,"nonbinary","2",14934,1,1,43207,31539,1,14
1010,19,"female","5",31933,1,0,10316,53500,1,13
1011,45,"male","2",23718,1,1,15061,40765,1,8
1012,40,"male","5",19978,1,1,17434,49096,1,6
1013,23,"female","4",10994,0,1,52195,28719,1,5
1014,31,"male","2",28573,1,1,28357,38937,1,4
1015,40,"male","5",30893,1,1,14155,29934,0,1
1016,38,"male","5",24240,1,1,32040,28108,1,13
1017,40,"male","3",31542,1,1,21637,19891,0,11
1018,44,"male","3",18883,0,1,21401,34524,1,6
1019,43,"male","5",21617,1,1,63512,19006,1,15
1020,53,"female","4",12871,1,0,33170,75356,1,12
1021,47,"female","2",14069,0,1,18299,35378,1,10
1022,26,"male","2",36178,1,1,35785,30678,0,6
1023,50,"nonbinary","2",30527,1,1,30810,14401,1,10
1024,51,"male","5",12584,0,1,37438,10211,0,9
1025,28,"female","2",14678,1,1,13439,30442,1,11
1026,49,"nonbinary","5",49603,1,1,64428,52373,1,5
1027,23,"female","2",18572,1,0,33059,18658,1,12
1028,44,"male","1",31447,1,0,10334,39171,1,4
1029,52,"female","3",20313,0,1,17793,25367,1,13
1030,38,"male","2",10546,1,0,31845,103822,0,9
1031,45,"female","4",41411,0,1,26696,34614,1,8
1032,38,"female","1",23198,1,1,23724,19134,0,6
1033,24,"male","3",21051,0,1,49779,20891,0,2
1034,18,"female","2",37075,1,1,62760,49534,1,1
1035,27,"male","1",16723,1,0,19067,34763,0,10
1036,25,"nonbinary","1",23369,0,1,22051,36776,1,13
1037,44,"nonbinary","2",41163,1,1,26037,33169,1,4
1038,36,"male","1",22776,1,1,14037,33512,1,1
1039,55,"nonbinary","4",16624,1,1,20632,47180,1,2
1040,41,"male","5",35048,1,0,19765,40749,0,10
1041,51,"female","1",37066,1,1,20475,24751,1,6
1042,19,"nonbinary","3",33501,1,1,18319,216760,1,4
1043,47,"female","2",8545,1,1,22054,26576,0,5
1044,28,"male","4",26516,1,1,53098,25007,1,12
1045,47,"nonbinary","5",14798,0,0,22996,36689,1,4
1046,45,"nonbinary","4",30696,1,1,55121,19503,1,11
1047,54,"female","4",28605,1,0,12476,38355,1,8
1048,49,"male","5",20192,0,1,33563,28662,1,13
1049,49,"female","4",18979,0,1,51698,18337,0,3
1050,23,"nonbinary","2",14018,1,0,43968,21068,1,4
1051,25,"female","2",37228,0,1,32965,18413,0,8
1052,54,"nonbinary","3",21037,0,1,19867,25095,1,1
1053,25,"female","3",89122,1,0,7882,37541,0,14
1054,39,"male","2",52226,0,1,14289,27163,1,10
1055,55,"female","3",12389,0,0,43032,32931,1,13
1056,37,"male","3",21099,1,1,23490,24981,1,12
1057,35,"female","5",38346,1,1,31232,11643,0,2
1058,29,"nonbinary","5",38729,1,1,10522,22759,1,15
1059,45,"female","2",43078,0,1,18290,128336,0,5
1060,31,"male","3",16166,1,1,18453,36285,1,6
1061,22,"female","1",14473,1,0,28488,26814,1,14
1062,52,"female","2",20519,0,1,37229,29849,0,11
1063,47,"female","4",14495,0,1,26676,19287,1,9
1064,32,"male","2",28040,0,0,13993,58148,1,1
1065,43,"male","1",27813,0,0,21236,39682,1,11
1066,28,"male","5",33259,1,1,22560,52379,1,1
1067,27,"nonbinary","2",66787,0,1,44556,71548,0,2
1068,49,"female","1",11007,0,1,8702,57973,1,13
1069,44,"female","1",18343,1,1,34223,26248,1,7
1070,20,"male","5",34561,1,1,28933,37775,1,1
1071,48,"male","1",33341,1,1,17463,44639,0,13
1072,29,"male","3",20371,1,1,32893,13982,0,12
1073,45,"male","1",30491,0,1,67117,46269,1,8
1074,43,"male","1",26598,1,1,38621,102283,1,4
1075,35,"male","5",10119,0,1,20439,23343,1,12
1076,42,"nonbinary","4",22409,1,1,18752,40845,1,6
1077,43,"nonbinary","5",22421,1,1,27578,20298,0,4
1078,21,"female","1",46072,0,0,35093,14722,1,7
1079,51,"male","4",21738,1,1,34160,28462,0,9
1080,32,"male","3",28606,0,1,21991,47918,0,1
1081,36,"female","3",9791,0,1,62769,19213,1,3
1082,22,"male","1",18699,0,0,20093,40855,1,2
1083,28,"nonbinary","5",16861,0,1,19962,19919,0,2
1084,37,"nonbinary","1",32258,1,0,78880,19297,1,7
1085,27,"male","5",40546,1,0,84010,14647,1,15
1086,31,"female","3",16653,1,1,54314,30568,0,15
1087,24,"female","1",13323,1,1,21148,14293,1,1
1088,18,"male","2",18331,0,1,49637,36838,1,7
1089,37,"male","3",49462,0,1,44588,19560,1,2
1090,22,"female","1",47213,1,1,28123,23792,1,3
1091,29,"male","2",20189,0,1,24533,12867,0,6
1092,43,"male","4",71183,0,1,14727,31418,1,3
1093,37,"male","4",12329,1,1,29045,21738,1,8
1094,28,"female","5",10371,1,0,9746,21455,0,13
1095,29,"nonbinary","1",12227,1,1,12607,49497,1,11
1096,27,"male","4",36659,0,1,16851,24989,1,4
1097,55,"female","3",28515,0,0,17395,28764,1,12
1098,33,"nonbinary","2",80480,0,1,51293,25801,1,2
1099,24,"nonbinary","3",24586,0,1,32106,25373,1,2
1100,37,"female","1",18518,0,1,22185,46290,0,6
1101,51,"male","3",19082,0,0,19028,68737,0,13
1102,33,"nonbinary","4",17124,1,1,61814,12219,1,15
1103,35,"male","5",37372,1,1,24242,18217,1,10
1104,54,"female","3",17256,1,1,23096,70407,0,5
1105,28,"nonbinary","5",30860,0,1,21390,28398,1,15
1106,29,"nonbinary","3",23950,0,1,12346,36969,0,13
1107,54,"male","2",32259,0,1,23714,10251,1,7
1108,53,"male","5",22780,1,1,43284,36364,1,8
1109,39,"nonbinary","1",33722,0,1,22454,38436,0,13
1110,36,"nonbinary","5",18710,0,1,17364,41713,1,14
1111,44,"nonbinary","5",23277,0,0,33394,18442,0,14
1112,28,"male","2",32044,1,1,20345,31636,0,7
1113,47,"female","4",35047,1,1,34744,17992,1,5
1114,31,"nonbinary","4",28357,0,1,7062,30216,1,4
1115,19,"nonbinary","1",42420,1,1,17858,39403,1,11
1116,25,"female","2",16333,0,1,21476,14600,1,13
1117,50,"nonbinary","1",24256,0,1,14326,23485,1,10
1118,41,"female","2",22857,0,1,14200,10845,1,5
1119,34,"male","2",19980,0,1,15434,62038,1,4
1120,20,"nonbinary","4",33979,1,1,20425,31740,1,8
1121,50,"female","3",43648,1,0,35133,31887,1,14
1122,45,"female","3",35005,0,1,24726,27987,1,14
1123,23,"male","3",27182,1,1,56262,13520,1,7
1124,30,"female","2",27316,0,1,25089,38160,1,9
1125,45,"male","4",139497,1,1,42767,15958,1,11
1126,29,"male","4",8377,1,1,13339,34044,1,8
1127,43,"male","4",50148,1,1,31857,13938,1,10
1128,35,"female","4",23681,1,1,28043,47121,1,1
1129,49,"nonbinary","5",21122,1,1,18460,26581,1,1
1130,36,"female","3",29623,0,1,19321,21122,1,8
1131,44,"nonbinary","1",16494,0,1,43763,31499,1,15
1132,47,"nonbinary","5",17932,1,1,39677,12639,1,3
1133,26,"nonbinary","1",13073,1,1,18242,46912,1,15
1134,55,"male","1",12067,1,1,17611,26600,1,2
1135,47,"male","3",11750,0,1,56008,33162,1,3
1136,51,"nonbinary","1",55640,0,1,14886,6851,0,9
1137,30,"male","3",15443,1,1,117715,40561,1,4
1138,33,"male","2",12026,1,1,15308,31674,0,2
1139,37,"nonbinary","2",35122,0,0,20801,86827,1,8
1140,35,"male","1",22179,1,0,8861,25894,1,11
1141,29,"male","1",19389,0,1,28029,8731,0,4
1142,33,"female","3",29063,1,1,20338,19473,1,2
1143,18,"nonbinary","1",17856,1,1,16079,39134,1,10
1144,51,"male","2",16682,0,1,44523,13978,1,15
1145,30,"nonbinary","1",21602,1,1,46994,20075,0,15
1146,41,"nonbinary","2",20036,1,1,42658,20881,0,11
1147,35,"female","1",28193,0,1,39484,19913,1,8
1148,20,"female","1",28168,1,1,25135,40615,1,2
1149,45,"nonbinary","4",32846,0,1,14166,19370,0,1
1150,46,"female","1",31092,1,0,43577,12193,0,9
1151,46,"nonbinary","4",42598,0,1,27844,33843,1,2
1152,19,"male","3",27468,1,1,24310,10805,1,10
1153,39,"male","3",23101,0,1,17141,38304,1,14
1154,41,"female","3",22055,1,1,33968,23189,0,12
1155,28,"nonbinary","5",8168,0,1,24682,57987,1,15
1156,19,"male","2",17776,0,0,26913,34190,1,7
1157,33,"male","4",16616,0,1,34548,110664,1,7
1158,37,"nonbinary","5",16991,0,1,39811,23564,1,9
1159,51,"male","3",28329,1,1,22154,59506,1,13
1160,22,"nonbinary","3",45655,0,1,21840,53904,1,3
1161,40,"female","4",25644,0,1,47268,31627,1,2
1162,54,"male","3",41395,0,1,26056,21792,1,10
1163,49,"male","2",13697,0,1,24592,38963,1,15
1164,26,"nonbinary","2",29263,1,1,23480,41456,1,5
1165,49,"male","5",48478,1,1,23001,19210,1,6
1166,20,"female","5",41311,0,1,31137,25077,1,8
1167,21,"female","5",15454,0,1,22869,29682,1,4
1168,45,"male","3",16657,0,1,13378,18083,1,12
1169,38,"female","1",24400,1,1,39899,36122,1,1
1170,27,"nonbinary","5",12548,0,1,36171,26837,1,6
1171,41,"nonbinary","2",49020,0,1,13457,51808,1,2
1172,51,"male","3",20293,1,1,4297,68076,0,9
1173,31,"nonbinary","4",23560,0,1,24998,25881,1,8
1174,55,"nonbinary","5",18225,0,0,19529,18519,1,5
1175,48,"female","2",18571,0,1,38479,41946,1,15
1176,42,"nonbinary","5",20891,0,1,23316,32685,1,13
1177,35,"female","2",33426,1,1,22821,33799,0,1
1178,35,"male","4",23853,1,1,15216,32595,1,10
1179,20,"male","1",24874,1,1,24072,20285,1,11
1180,32,"female","2",20041,1,0,36577,42315,1,1
1181,50,"female","5",36403,1,0,31248,44731,1,2
1182,46,"female","3",42730,0,1,18460,24222,1,7
1183,28,"male","3",23024,1,0,76280,43486,1,13
1184,37,"female","2",31920,1,1,45180,27508,1,14
1185,36,"female","1",27747,0,1,26030,46428,1,9
1186,35,"nonbinary","2",26867,1,1,54197,8415,0,14
1187,44,"nonbinary","4",19237,1,0,28062,45740,1,13
1188,41,"nonbinary","1",35570,1,1,40577,37378,1,1
1189,24,"nonbinary","4",16088,1,1,16528,14497,1,13
1190,26,"nonbinary","4",30795,1,1,45035,9838,0,8
1191,28,"male","2",35321,0,1,44142,17233,1,4
1192,21,"nonbinary","1",33653,0,0,28206,35729,1,5
1193,37,"male","2",22578,0,1,27827,11016,1,1
1194,51,"female","1",15659,1,1,26024,42357,1,3
1195,35,"nonbinary","1",14916,0,1,9570,8531,1,7
1196,29,"nonbinary","4",28800,0,0,18164,23451,0,1
1197,33,"male","5",28529,0,0,17822,18757,0,3
1198,47,"female","2",20573,1,1,8429,48199,1,9
1199,35,"nonbinary","3",61609,1,0,21884,21725,0,8
1200,30,"nonbinary","3",20095,1,1,31488,25753,1,6
