county_id,county_name,state,population,median_age,pct_college,median_income,unemployment_rate,dem_vote_share_2020,turnout_2020
10001,County_1,OK,36033,35.42766455042866,38.56039704712022,51562.01660916697,2.402604531270343,31.248983208790083,66.74961749520115
10002,County_2,CA,531847,53.41098338367903,22.64449938213984,51764.395798412545,5.05971884027322,38.56373682465778,87.45554509464341
10003,County_3,VT,35045,43.02726509210042,34.89483536342363,47877.086968230484,7.247207845844608,49.43066565668905,71.17115816024544
10004,County_4,AZ,45525,37.21216221416226,28.51227526924725,70675.36347911315,2.6662319628905107,34.59971963067876,55.59097024046742
10005,County_5,IN,12389,43.95637197564343,20.995697280817623,60225.78695048828,12.50815216009888,45.45324445188481,63.28583370546136
10006,County_6,NY,46815,27.684899732213772,29.874076690089073,53922.377011554025,15.410477132988756,17.712227233968882,80.6001760413662
10007,County_7,NJ,129419,54.29084949613019,6.774329656651622,52994.20793512715,11.030383300698956,71.98390829555,67.07474015124237
10008,County_8,CT,43363,44.66557542618507,21.343114224365422,51007.61771063291,7.490701410398469,51.528344183552164,67.98927998549567
10009,County_9,DE,15489,56.05881176749243,35.53546781072786,54061.00158506642,2.5415138458894817,36.014168989740945,52.34961471204852
10010,County_10,WI,175991,32.99827996657348,36.91759330189103,21912.464080355032,6.89222907774803,49.20275753569258,84.7106152958084
10011,County_11,NC,34018,45.799253590977855,30.597679548229067,68077.71239755524,12.385258050116834,56.68882688479279,64.48729130879212
10012,County_12,MN,161352,40.15733481854678,42.682985987714915,66195.88207099824,9.078835733609596,35.83150922633644,83.09210425538637
10013,County_13,SC,259000,46.71518819442724,42.06173019625174,57387.36153839921,13.652612764495013,83.4382117160305,82.37687780548941
10014,County_14,KY,40804,45.45615955833828,39.16879148983805,44535.148407152745,1.6657441499020826,62.19554012327083,79.92774918501682
10015,County_15,UT,217003,39.3297545598385,35.48074871179582,78366.10802517939,0.31777176775757693,72.3589059953616,62.09776937452208
10016,County_16,WI,22030,52.7493445623421,23.010772543512577,74279.78064373328,5.024655736398436,44.74840927188365,78.88426798921171
10017,County_17,KY,85946,31.30595890409097,15.688908822208958,25147.92016042288,9.436501001713422,35.102406126133786,74.28338293349964
10018,County_18,MI,191474,36.1462839715848,7.703025949490949,52371.3992809529,11.743314317255434,46.95484165860906,74.6023409699846
10019,County_19,DE,131643,48.7005520592967,32.214631868508434,58396.520782281645,6.830685524900069,60.29478921225192,69.93807855408248
10020,County_20,IL,27387,39.67127104213035,54.75973073228282,59449.54082971728,13.76630673160036,30.78699351374299,78.07811587558705
10021,County_21,ME,32481,33.38777664431072,18.89293412434086,36999.054760760024,3.38659264579012,84.67808947704994,68.87547551231478
10022,County_22,MI,115650,45.166328180813466,40.80508725412848,37971.50940931993,6.640771690190543,63.297176680905245,80.39584171421625
10023,County_23,IA,21823,51.5027575384691,75.34125891967803,67811.22696259725,2.6668344449554167,67.8775842034819,71.31186863520911
10024,County_24,ME,27951,44.083553177997814,11.19611840747559,59597.69063688497,2.390139793272387,67.01484969181895,71.59259642928339
10025,County_25,IA,190327,53.465030312330455,47.68224734670031,67169.64347216273,11.60553954510226,69.68562543573745,76.41084878448274
10026,County_26,WV,99387,41.168942686385385,58.49346472078019,53969.598141679584,9.279011817421342,29.59679558285238,84.00098544353595
10027,County_27,UT,44392,33.64401410641865,29.61592596358294,57200.093806506826,17.370489298438283,44.01766592118669,80.23768093463127
10028,County_28,IN,79640,39.9757853492704,14.543345231689106,91400.75669467934,6.948263686603987,52.814393254222125,58.341431288899514
10029,County_29,AZ,207080,46.32415684525147,58.972756148322134,41937.497055508604,20.06131173012343,76.57221238478996,65.82015851608332
10030,County_30,VT,38942,39.773739126049755,4.14630459745143,45407.03086262573,2.0753156345681187,71.99178240218465,62.94407075880992
10031,County_31,VA,355777,46.97189775034934,16.351239575464717,41584.44580048458,6.788069220850798,57.3594912057399,59.07870228536952
10032,County_32,GA,39960,41.494417116019754,22.309816939393816,38889.95701380959,3.473706384144644,45.69406384177025,79.67370422721282
10033,County_33,NM,56167,31.806037524587662,15.225363244829826,65933.70630113858,1.526710321807202,52.01104625801924,78.93902475559875
10034,County_34,GA,35799,34.18163433983908,42.067676136650704,54535.56921768736,4.721032005545806,58.16365680688175,69.20607078598621
10035,County_35,MA,471180,41.48063412099819,32.12563559645398,31631.122271775035,8.071292486315043,31.280649541475714,87.16656704698143
10036,County_36,CA,13560,50.847954910523455,27.154711810503795,62985.718564977506,2.1067310562295494,17.21332280663702,83.36440028377439
10037,County_37,IN,37611,39.54191843746866,29.711174911943278,39928.17581768001,4.912984963696896,50.407536561848524,71.81694247143055
10038,County_38,AZ,36038,30.132708921876386,9.439346375157037,48614.58522657955,9.514446865571339,18.94399502590692,42.09901351612026
10039,County_39,NV,45558,56.92994737100484,30.62463572927537,54225.107207716996,11.687244138206115,60.924197362038754,79.03020049439388
10040,County_40,TN,5206,36.918694739042586,38.914156078319195,44609.71865478578,8.773441977712645,26.568462690032746,84.18384146631178
10041,County_41,LA,105919,39.27310714955907,13.455195711958154,82543.50685782534,4.825133855421377,36.90328518517889,74.95187411335696
10042,County_42,IN,13002,42.64329735420736,0.5041666860345851,15453.599251500435,2.8981478711555844,46.3536671975927,59.57121068223666
10043,County_43,CT,20718,36.64398123093256,21.812248503785174,60629.385860473805,11.137939177421895,59.49646678935534,65.04103698790932
10044,County_44,MN,24409,36.23652402452548,9.181110463781106,41109.90265325698,16.97959239619414,70.21690294435783,70.75431046016544
10045,County_45,WI,17672,28.150209345624482,3.1335376300708875,64217.034090866364,10.02950785476072,46.4550602390091,74.30250246941155
10046,County_46,NE,13413,40.99416015872535,7.888508632415333,73209.72122547864,3.053721241403975,72.8796230481625,50.7125451925904
10047,County_47,MA,41770,39.74357361318867,60.348680294798804,74778.7087247791,2.2740111717724636,48.70820933170637,66.80739384068292
10048,County_48,MO,24979,42.03633719361095,7.821140462217674,79582.99939061102,6.979733719939923,57.24288583515037,60.443656194835036
10049,County_49,MN,186394,48.72288089380157,10.060859942582,64216.35924589763,6.643453695999718,30.098104358819917,48.66385351162522
10050,County_50,NY,5151,33.42024218294328,18.471659756905716,71694.5871326083,3.247188229942259,51.520599940978315,89.64325731837289
10051,County_51,WI,108834,40.03287687878514,27.152473673783,34998.04386183884,8.164880571040682,53.74146522236545,54.77027271235176
10052,County_52,UT,215506,36.56360934389235,7.340478698359175,13733.074912056632,2.1504235677736077,45.671567934079185,76.88870200380691
10053,County_53,FL,173409,40.0911692147597,14.367869372571402,70889.40092166007,1.2546537055194837,58.506316914323754,76.54344362354928
10054,County_54,WA,41788,35.061874933084404,23.842806791723312,44761.41094507337,6.079539929643163,57.55086885175324,68.2706988527515
10055,County_55,ID,56588,40.90290111178478,53.39452257310062,57991.21652124397,2.4617650101509048,53.49188407158473,49.539459659822086
10056,County_56,CO,61944,38.542584889020084,22.096682555893075,43367.02417269316,4.881181302889322,53.29957838402745,64.51272994846533
10057,County_57,VT,144656,56.063295934957125,28.05435114178906,67342.25544572511,6.945526571768905,38.005004863983274,53.94615295483561
10058,County_58,ID,78466,39.37082652938193,38.79470632503953,63789.20251972435,3.7137926092303952,53.75696265506318,61.39375175283216
10059,County_59,CO,16731,25.70972029760538,19.68099152467801,38071.142037150545,14.852089515298125,35.05055911237401,74.18638785598854
10060,County_60,MO,462857,24.05680210539508,43.455366698207705,52173.855750681185,5.3204701966916605,44.51480461331671,60.517915175305646
10061,County_61,CT,42769,52.54363740316793,32.35443628226316,60434.091833972336,7.3176031384126885,64.43322982414918,36.950606717153875
10062,County_62,NE,10611,43.40153872946308,31.22438184176506,66664.69103576707,6.31462723999296,52.833700458507096,59.9569393046267
10063,County_63,AL,13127,37.86010983919416,15.430569470164004,47491.37365570892,1.2951483151326013,56.45869509251769,88.96424324554948
10064,County_64,NJ,114108,34.72000060838579,13.025501167165206,66325.6808234125,11.228916679268158,57.42222467701706,78.4548592904672
10065,County_65,MI,19231,45.12047731557748,16.135288810490124,62264.247549385334,5.63306622334885,77.50944375495021,81.57589295094468
10066,County_66,AZ,75890,37.65246622223603,18.852114835459275,14935.58754725547,2.430620512785396,35.341594913290834,79.98823443253326
10067,County_67,TN,697401,49.03832988013297,4.948578495209987,32657.000881457494,2.5392830663548875,26.834205614187752,57.105292889353606
10068,County_68,IA,2680,31.69028380314533,29.668454594946354,37972.94123663193,5.795101809826145,58.78975226958909,47.01736997814712
10069,County_69,AK,39728,32.614882372437506,31.48871291923519,52471.42247096521,1.653723812972656,39.73621238898184,52.245049713677375
10070,County_70,MD,73820,38.01389798523069,22.186182951610025,83646.05285443924,11.951254636669105,41.00849105347051,86.36830238887511
10071,County_71,WI,21429,45.014401071039934,12.624262803384498,43555.5349037347,13.859467569245046,63.14065246285683,79.32296302147745
10072,County_72,HI,3170,46.39400162590294,29.39116810532585,46876.85668662315,5.286497471660858,75.10880820308795,76.36646596106219
10073,County_73,MO,17164,47.832781826120694,28.978262656334646,42454.99470271438,1.1032535535940182,47.911096255296364,65.10284277923252
10074,County_74,SC,21084,35.81245159940729,1.853701001570144,40990.110729937405,5.008373968308344,77.6741396491215,72.92255993938929
10075,County_75,ID,40239,50.92485408279886,27.616201513433385,43007.276989933474,9.38001332417828,91.73570118353297,91.11286155625577
10076,County_76,ND,29256,65.15357948492095,29.36626531557453,45432.8195421798,7.077920497056808,64.85309241721646,51.89114766755176
10077,County_77,SC,17748,48.55197323698755,17.402002100606595,41138.31179045981,4.897653960112608,40.74613232246045,68.139192390339
10078,County_78,KY,110776,21.535482234534925,27.552283997586446,33939.46560790382,7.2320051329305395,39.76739614614911,77.42874698102916
10079,County_79,MI,3485,39.749711100664754,39.55318487762473,64239.20857829175,0.764600581807937,66.85879134514727,56.75510081047137
10080,County_80,NH,88392,41.200730779072394,13.704808983643197,64669.742748322584,3.369358917300206,60.97932411807272,79.68798399025057
10081,County_81,ND,28368,33.03896599079753,30.266962626228768,45576.85928721221,4.002921147485346,50.367616700688686,77.56416909484501
10082,County_82,OH,44679,51.55742203033211,17.60412761221433,56741.622358310335,3.220361803792023,60.71794824586442,66.02452029936516
10083,County_83,NV,79588,38.126649551913744,33.06462093110431,70544.1131125998,7.040205080177449,44.09559279098008,35.84266059641884
10084,County_84,WY,39960,42.35431002725209,22.356462327563328,53019.76101616543,15.246842700338789,42.40335159283898,69.75839346341138
10085,County_85,OR,34060,41.69929598776575,10.330746186356187,56531.1235541848,6.878585504616239,67.19967939167117,86.2395859793715
10086,County_86,NM,62296,51.327675036976586,9.773293199953773,42938.73188385697,1.997771022314475,48.97114696659436,69.7435161153135
10087,County_87,LA,79695,44.47524526144828,33.59704163302827,73644.30946218858,3.734300649287245,55.89766925757974,67.45854108914261
10088,County_88,AL,41902,45.39670622958298,38.31014940883177,36743.77719697816,5.060324844072928,54.99969509085775,34.92861280396789
10089,County_89,VA,31804,21.30687064104875,7.9758287777177594,80229.1479777199,13.273832247642348,67.95597934984208,87.5289548323453
10090,County_90,ID,107832,31.16039009831679,11.695602054813317,29627.366768563475,9.555015795590844,48.28566986041382,69.07236969473618
10091,County_91,MD,5091,32.39837099484091,25.462234627069524,54962.28149875809,12.69108745054352,45.23471054806791,77.9993768418665
10092,County_92,GA,11615,33.79079601336704,17.629586847382573,39685.19172263049,8.754421379521887,65.0758972329487,79.53914563868507
10093,County_93,LA,26484,38.9750937636273,10.690180327445493,69933.67509516681,3.850762515223965,65.0443604697815,47.345325374808255
10094,County_94,WV,179210,46.269232541543424,43.503302667116074,45654.94981096052,14.1610046686249,26.31173835458923,44.78043129751594
10095,County_95,SC,97266,41.943112282263016,30.429770829671437,67008.8223354562,6.629593690122536,36.21875113455461,87.70804974646572
10096,County_96,WY,43348,32.263485209719214,31.41191472309045,50069.41939471437,7.968998078423431,30.25720836840618,52.91647143242212
10097,County_97,WV,424300,44.72986055762815,39.61130848951702,49301.93072643763,11.137875518317232,71.43533030489814,84.40147458894847
10098,County_98,RI,63311,49.60707974402528,14.214360960133316,74298.86892726186,9.592303780585928,64.88862352838383,75.39330037171183
10099,County_99,NC,55127,46.248164751736994,39.68063730229677,3678.4385928690067,5.149269391586373,53.662006931447216,61.9869787145496
10100,County_100,ID,147430,41.925000249510276,38.1149094834491,51853.3357431922,2.382739937691306,54.117919754323495,85.67600523301483
10101,County_101,MT,27921,32.682945529544334,23.064047385226598,69925.68843045112,3.5869510072167867,43.73380088147055,72.39675486456964
10102,County_102,MT,37574,32.93372018663876,52.695321742969135,53747.90962184411,2.474626507447651,40.11765820073026,77.19713909011054
10103,County_103,WV,15706,42.984390686215946,25.20455399996202,47441.445882669635,5.443498599860499,60.0025237535315,60.00932888482029
10104,County_104,WY,168153,40.11242745236958,60.01378071541764,59923.9997815494,12.601964395735731,44.27902046053103,73.87578891878466
10105,County_105,AL,255510,53.009683254163306,27.9562287799454,59371.221806907284,5.544301728662307,66.70403242728841,85.73128633221472
10106,County_106,MA,34734,51.73011865466235,18.223279995863365,49216.55016279159,3.553163950298093,69.2271830638465,85.31780954188837
10107,County_107,NV,29573,43.876638943554966,32.192450325694544,63689.56782235303,1.8585652163776774,71.90883006977374,74.7540238879431
10108,County_108,UT,72862,31.578746198244808,11.853562055332716,46807.24357888974,6.21509329090566,65.42895226554481,78.87890469501849
10109,County_109,MI,176499,31.76467029288001,38.49330090747397,50486.731227726355,4.194143169473046,10.775560960829678,77.85975198335193
10110,County_110,SD,12314,37.8038152430422,62.85057106437685,55831.27630972941,9.040621414499727,52.06212920855299,73.8102908290848
10111,County_111,FL,30102,41.324890403051114,10.2944003881786,54009.93878407862,1.068003577222505,75.53917308437579,79.61133774932864
10112,County_112,ND,97756,47.57307276835982,20.227411736037478,55056.58673977786,10.06460887842672,55.114062808747654,42.51732425974523
10113,County_113,OR,14202,47.15826911938243,16.647957960729865,57581.454399759255,4.216432669239943,60.42770696416089,81.74393853553192
10114,County_114,UT,13480,37.49257297857185,22.424198265535292,72739.72605871625,4.049496636795798,50.046713103980046,74.17120882119235
10115,County_115,NM,20775,43.27838557696051,47.11911075794279,57272.366187165135,5.071108541670465,16.74205381828136,90.89678382749327
10116,County_116,KY,50107,50.06750019341784,31.197789710469536,70176.78622566536,10.119675578161475,62.723434914136334,70.56761612465121
10117,County_117,CO,30109,42.953123034429204,51.318525979259654,107406.9071271493,11.426970850096485,26.924884541285003,78.35418410792373
10118,County_118,MA,46361,40.152611341350195,22.986144179280984,50132.94060988096,13.920046903496457,75.00985113294779,84.34760735386526
10119,County_119,IA,51055,19.817806012225194,18.65347641303533,53215.438414397984,2.1614426521577226,51.071412957735575,94.74288041017086
10120,County_120,IL,38447,34.519306002219444,34.10578946440017,49810.0663554749,14.466092062565489,49.3971847424678,54.594217839787305
10121,County_121,KS,14223,40.214528731038435,79.38776202746784,70432.51939029926,7.4648830712373675,61.803385116040346,81.1852701295383
10122,County_122,CT,18136,39.241402051607686,1.0939976838519878,34043.6607859709,8.928563733102724,79.78257190481918,45.488003930466306
10123,County_123,CA,37312,40.116571836711216,9.054535002621323,72830.53945438462,10.052177224616148,28.85622478684598,54.89382034752438
10124,County_124,FL,69438,39.879804958238886,76.85795230311545,66797.10327339543,1.002709696995361,67.46454368458782,77.40544076541586
10125,County_125,OK,7263,53.345275125528374,51.52278099768949,57654.3740353574,9.537066929086683,57.88183185906012,76.1558162729095
10126,County_126,MT,26939,51.59229330923559,33.367811458009626,46486.491472372974,6.7716337547276435,41.3986741888772,77.47802488887869
10127,County_127,MO,81058,40.17095082083389,22.465834581537557,78392.62022997545,8.014049577741474,70.59620573473707,84.97297111066582
10128,County_128,MI,52139,35.772082164879116,8.296270012483188,41943.38220264918,6.273193224926746,44.364599887954114,63.100035754308706
10129,County_129,LA,37524,40.280004612317676,40.26667010928401,70623.05429664359,6.814574888667314,39.137048886592986,53.92298077475436
10130,County_130,KY,61675,38.4708938336194,13.520107360088748,46270.83539921304,9.423347436049962,52.3500412088874,58.636414097079445
10131,County_131,UT,12909,32.290287071369576,23.652694329942054,77500.16035977312,11.956625778104808,24.07441033147841,72.9635218013733
10132,County_132,NC,203125,31.302556267538932,6.086776954363684,45370.96892648711,2.1480270200470475,60.180517878980865,90.83126060007703
10133,County_133,MO,98109,45.690360456758015,27.591136127681885,51527.7429203164,2.6707416184901325,24.33020350035322,66.42997980219322
10134,County_134,IA,78760,39.45068110313191,16.723089606995156,56399.88414272361,12.225994539672563,34.32219722058116,60.330420476988635
10135,County_135,NV,53535,36.158691177864355,26.95225463505912,67817.63594289133,15.13014674644197,32.13504901317151,85.21820597849891
10136,County_136,UT,31089,39.99136542639266,32.85787556742538,60990.661982118734,1.2189343199786875,55.5953757160696,81.90098473621516
10137,County_137,PA,20211,45.156255215154005,36.76906041197747,41959.468484216246,0.7855119603483568,59.31202707580957,67.89150878756698
10138,County_138,ND,74817,57.90639005860841,25.80701541541447,31935.595333121622,9.498279910628435,36.45038960280798,56.82520578294133
10139,County_139,SD,37239,33.93203552790559,24.07293216314655,44580.556336204616,16.733055449918677,43.59893488100527,41.981399128807276
10140,County_140,AR,412699,37.94765151090532,46.56530982669063,73048.20509445664,7.941590224155981,58.25828063396512,44.19881283594204
10141,County_141,MI,495599,49.52956523461007,21.5381549423436,14755.994611030259,4.831348990608243,55.77349185966014,91.34791513309405
10142,County_142,MN,111642,53.235759063442856,39.310091678107035,78972.84681678787,3.3325998771722043,71.65281310627958,71.75912881741492
10143,County_143,ME,197042,46.34981770563787,46.40915913565988,70021.75250519051,5.776943339985661,20.295694050884148,60.2935855011941
10144,County_144,PA,78662,37.17669076314048,53.60155220967272,74311.81437442997,5.505112986859178,71.05614649989073,64.15601220944734
10145,County_145,CA,13317,55.1655630616483,14.050884305156403,56781.89212464531,5.333453865921091,49.520598382782694,37.075514692045
10146,County_146,CO,19823,32.46453220575183,45.11400065785453,71318.06394910527,2.867451941004334,34.99956975471971,85.47738310682907
10147,County_147,IL,6520,35.41423333923879,29.438236527884726,73233.77179720913,2.264728972533567,44.998784994041884,63.962776410798796
10148,County_148,CO,40064,39.10865794390361,58.2184990762392,47686.954894701026,4.593894774419347,64.94899400253252,89.78819040706757
10149,County_149,TN,12049,53.35220551555929,10.93643301109339,37948.180668285444,0.8973473626550507,70.13694222442149,65.48516413569256
10150,County_150,VA,137729,46.40486923504353,12.111342965711943,24594.31218951267,6.3656550390942135,38.931680033526995,69.80810097237683
10151,County_151,MI,132442,38.42281626202691,31.385467745575106,54952.018404473274,4.997468688880453,61.34995186219736,73.32081818454623
10152,County_152,AR,52951,48.51630907225426,23.433692942849145,32238.27441752802,2.737205464190796,24.660089205784995,74.68444660334053
10153,County_153,ME,3316,37.00029381228027,23.467670366965596,63891.61340540989,2.7114925879707372,50.00300144563374,77.75128973563696
10154,County_154,OH,50955,40.76958685476721,19.858008466593013,63778.77601760446,4.398392625584511,24.970848283534984,56.27098331817755
10155,County_155,AZ,101558,40.186683027136944,17.301647137482107,87257.8110039848,2.142488484661433,27.317852236441986,75.22366739989987
10156,County_156,KS,310360,59.01009584755658,35.24941076751505,45392.56856045164,5.8605463439535646,63.328996701100536,93.96362159271135
10157,County_157,IN,378231,28.549269779272308,39.299740785056215,94401.72585237902,11.407201291177795,46.77230160729035,76.49816267674868
10158,County_158,PA,103480,46.345902928668025,26.34344381395587,64855.83061988994,7.658815971803426,50.35342896400521,56.40249326347152
10159,County_159,ME,91236,36.19934253752658,45.87866376811104,45756.51715418341,2.995266856436514,68.89156456264787,38.566090567553616
10160,County_160,IN,20146,34.1555470492481,27.694019308718865,68339.8979649376,1.317845745426914,61.0522715281453,57.63210284809108
10161,County_161,RI,34225,39.67919356010987,38.006961322858515,75364.29165028018,1.937605006483548,55.034240375662236,68.00813836234154
10162,County_162,MN,151706,43.902240685656544,6.0949342569784335,46905.20158201989,2.708948268907701,56.32784365385599,63.23966790815155
10163,County_163,NH,708208,38.81097471517429,19.89165141770603,58249.00062025166,3.8226024380026264,65.74916095738558,82.69865994563554
10164,County_164,OR,14369,29.279682080894236,38.015324167858765,59829.049645849555,2.034885655384675,64.15052574155307,69.80833130694008
10165,County_165,NM,83737,38.899183979339035,24.6658826481383,49200.5560170921,9.402762090323822,27.426452441987404,55.52534977226353
10166,County_166,KY,40854,42.52445572928602,48.82682528090986,71729.26537336178,5.737420335210499,37.22476022553977,85.78519099239506
10167,County_167,WV,79767,35.47310766133933,26.875167680345513,62213.160315301895,6.692078087741421,63.103896011255365,68.20338219655304
10168,County_168,MT,234288,53.20825434316335,58.46970124796973,50197.12216959046,4.851842675950962,90.77366191557846,87.96209950258265
10169,County_169,VT,19671,37.45746944251782,29.204998330726916,33186.02080835741,2.443118995576694,30.368826320784382,76.04507756068651
10170,County_170,SD,44130,22.555543905897046,9.392950762471033,56266.0172011224,2.500724412236738,50.73234055753634,53.0419360161843
10171,County_171,OR,15893,29.781671419868914,30.660108715944283,65119.42301245454,1.6740566173494564,21.15686562680433,64.0065097746986
10172,County_172,MA,117618,34.81387891546898,51.67386970367222,42937.21451816221,1.699934012200773,65.93461291721428,64.85312461656584
10173,County_173,PA,284843,33.95859229010811,27.08049649065875,55384.806148576405,3.9697788590418734,65.66934141084954,41.85772504818829
10174,County_174,SC,55518,34.25504354611561,19.137389816953394,37625.59520388356,7.239242030777639,65.31467489648819,74.45032209691601
10175,County_175,NE,47959,20.907960575132186,6.531016783781898,80976.09005686593,2.0757545337220873,53.167975350260974,35.616805835779154
10176,County_176,NH,74755,42.3107895561159,31.359023473888808,57707.26254660747,3.3818671984879236,35.95822233620648,72.09130392497333
10177,County_177,CT,358839,41.29796595244136,31.323654207146244,53579.849515726404,11.301286121552035,73.1967549199527,87.14865008049264
10178,County_178,SC,148859,57.27183175604102,33.24724680415325,78911.53101369896,5.901343161845704,74.39468148315062,93.41731858268273
10179,County_179,IL,33463,39.58312192146103,38.840467174978684,62527.95389188451,5.298448896872818,51.74097800690364,72.01833495015644
10180,County_180,OR,24333,38.5066461250788,29.676184277555894,76956.60971331307,4.795017666628833,55.285717346582196,74.43874504137221
10181,County_181,CT,20580,32.110702150437476,16.075068080632523,55816.91972603187,1.4392826234563916,39.31963462133626,64.34303269247216
10182,County_182,ID,172628,63.80678641455881,50.06734029061729,78728.99548246234,14.054729646034492,36.618975982875334,59.5773383797941
10183,County_183,AR,61112,47.47573131948273,50.92932918116342,61826.79861422562,1.4023924719053733,45.31669643552011,56.38665856356697
10184,County_184,TX,122017,36.14604018836427,16.744598142454432,46557.69370571442,6.052710475793168,28.13249536397487,70.14544294807598
10185,County_185,VA,56260,38.30289731511828,35.25499703436267,63179.25914972183,7.79573873983003,38.72469494203244,55.9753536807852
10186,County_186,AR,160805,52.164469485787606,4.763415212297966,60682.87208155477,3.4742635252417844,58.62654089677226,76.58561550780101
10187,County_187,IL,34336,33.979862546823725,6.2728190340908405,51068.11469915247,7.661397802600073,54.81817722776272,92.49135837714789
10188,County_188,IN,140357,31.76227526867961,21.3488469448575,52363.85412147935,1.691145456101343,57.867974314497786,63.54628514345898
10189,County_189,MS,41772,44.24673304252468,21.993861414593834,43889.461900542985,1.2738552860317536,56.43180084296381,60.69647982098393
10190,County_190,NC,18246,44.35960110138704,53.95663625771906,59232.86709141502,7.338022977179591,35.65323344692508,77.142136784236925
10191,County_191,VT,53015,32.936999417813624,46.31458960588159,60621.86405736651,7.278770394069629,63.571335868776245,45.09802825664656
10192,County_192,RI,119745,23.681461903779986,11.044430393427138,35797.83658663097,3.1270455485363917,61.744161884184756,77.27291084566792
10193,County_193,NE,83401,28.19418583637392,9.87489635107364,51381.79397218759,6.96994066057398,73.10979860308329,58.21357627797368
10194,County_194,NY,33972,39.85441232753629,13.35450679460147,69998.5461530667,5.232617791131557,47.863008893689404,58.577445043847675
10195,County_195,TN,55278,26.802059657093753,34.42497961635433,68570.26886330357,5.115293359174522,44.02095851330035,68.75290816961153
10196,County_196,WA,322235,54.75864704523071,42.289668405133064,53034.90446845794,19.359959379976242,35.4350438706485,65.18086204511366
10197,County_197,MD,40199,36.069068950991934,36.402789485601794,63352.60050301049,3.257425990218711,48.08160902622793,67.70344900385169
10198,County_198,NE,14159,43.23129318396277,28.682306967402916,55845.02952189763,8.615248461605754,60.817611018665154,83.82375349569922
10199,County_199,CT,58321,34.15783534469509,22.685289905063357,68311.21271409893,10.785161143522924,47.241554042167266,90.94544110051037
10200,County_200,NC,22382,38.86054550570477,56.59690955490751,74720.47557120203,6.743639024994604,53.944584865511224,57.70149570540156
10201,County_201,CA,736803,46.386891285567934,25.87050512531612,44202.94308934012,2.1433055986289347,87.47140022261446,78.72783908885387
10202,County_202,NV,173703,29.232290474571645,20.703730160712617,84255.84743182974,1.1906323495961437,39.264378942689795,88.9073279033235
10203,County_203,ME,160637,33.8017737265048,35.56731196651761,28408.29269758904,7.846579408042242,59.99978313434874,76.64066144495536
10204,County_204,PA,17860,36.86219833619909,10.276417207996879,93953.416573284,3.2210043015699528,43.61907458819995,72.94879161639504
10205,County_205,WY,224625,42.088893875226866,10.759010985418492,46467.333190610145,8.084793513722428,26.999063677098096,79.19499410992842
10206,County_206,OK,7343,47.33978912841373,23.368938707716097,83410.5981920114,4.161225540169535,55.230889460524004,82.55941922233797
10207,County_207,RI,33613,26.606388789841734,33.992233485381654,66331.66954391399,5.5196345064996475,44.55328720465244,67.29847842514577
10208,County_208,AK,7009,32.49995822931295,18.689842432208707,36386.710173785796,9.710376269659454,50.54763419921138,67.71011889214876
10209,County_209,NM,13497,40.54195355085164,5.292028691839965,49954.18186131677,9.249100236573886,42.13242113379394,57.54718454317151
10210,County_210,ND,136045,55.37710830676132,27.606298990252792,63843.514250666005,1.7007908501007127,36.11198532219848,66.89243510434343
10211,County_211,MT,35976,46.20714285336458,11.318740449136758,58396.62539733351,2.4538734977424217,45.43179043124183,76.91374330025265
10212,County_212,MI,7304,38.03630062410372,19.049596374818286,88855.43205203638,2.1188929357869513,46.13015968334705,70.02450893896581
10213,County_213,SD,45774,35.12185914258625,10.072164002388014,39475.181866400395,13.366997965266798,31.29961712714498,66.79058453091066
10214,County_214,NH,48610,29.54026125829695,35.0302196497443,21576.173810889286,10.260742127841182,39.49072213787311,66.34564308536395
10215,County_215,TN,48670,34.07966284947892,31.908558255134896,52674.102008622984,4.837427208577898,34.28108304376923,65.2920937144397
10216,County_216,AR,3413,42.301160494712676,43.11541700315475,79372.05543683833,18.09703028274505,79.82779811573175,57.16861413814992
10217,County_217,NH,80055,26.12715178854741,40.80390408798459,39779.45368061467,3.7281568569266788,47.24223390678144,72.91171146322557
10218,County_218,WI,16188,25.094437859985952,32.664330322661215,65437.96360449737,6.100829707740848,42.81368187155737,72.87732843250907
10219,County_219,CA,135610,36.868196090573115,53.22430071365075,37612.56364437704,6.371584384525622,62.125932238007195,54.724397562406565
10220,County_220,MA,18486,37.85851008771788,45.24800964091567,66013.26988274051,8.872820072095692,50.38054296863855,46.602457091213296
10221,County_221,AL,67165,49.41465269656243,31.533299924599856,53333.63989499188,7.472425670415676,41.12552130203916,72.76755571948857
10222,County_222,KY,35134,41.687168592471515,21.577666241425682,33966.210403641024,12.482037156576919,27.490199927020992,87.71116323515157
10223,County_223,IA,46867,39.781815571308144,14.267077076154578,54760.924655137635,8.879282553203577,27.534172580250253,87.43699289588325
10224,County_224,SD,112587,29.634253480141552,34.49037844145431,38324.89964598121,6.7937020575784945,81.59222286967783,75.78439433573037
10225,County_225,MO,43237,40.948655929313894,20.848861690446334,66005.25909447715,5.969618025581128,54.243050827194196,70.88368742530717
10226,County_226,SD,1171940,33.91798338033496,58.1576915942399,56915.775056745406,3.487555531186158,42.810760132413996,74.64072317946282
10227,County_227,NE,217622,36.37753691759752,46.56571956679342,51965.54581047228,15.595793748588797,23.997577234340824,56.197059170204376
10228,County_228,RI,140819,36.69118573891614,21.61259492177327,55143.859547478176,0.24838445778023818,44.16593642759269,84.98707172999347
10229,County_229,CO,68901,39.11529924402309,25.563956126247305,67263.67974338407,5.842379980344314,29.556224286338296,86.93438425315696
10230,County_230,ID,13152,48.315870820575405,44.82082521420509,65142.86430749085,1.1926925424559687,49.07723010095164,78.27500783388327
10231,County_231,OH,28079,33.567682373485646,14.381602509823619,35919.04137936655,1.8695806154111527,47.778593667455496,87.53104739081802
10232,County_232,HI,194512,47.2896267418011,5.522065018491743,61391.70890954161,12.127109434461458,57.853130853786695,63.21427218848895
10233,County_233,SD,75952,48.955465227514395,17.869210647882195,42775.63484428753,9.381287266418257,45.53204468497237,74.45860804347583
10234,County_234,OH,534669,20.16307292397932,42.98609645764519,46888.4440998687,4.893446685225503,60.45662046409228,62.05409221034185
10235,County_235,CA,113183,33.431990110453846,30.053303826625505,83830.31615248995,6.336553451488884,81.27136448501486,76.00842653497398
10236,County_236,SD,101092,44.27195494657347,20.442021769170342,45059.26608814061,3.721548048646945,58.05896113050871,70.32949646421497
10237,County_237,TX,63227,36.46460649987925,23.717938175510795,64763.799908303736,8.61226610600918,70.36012561110739,64.02169381652381
10238,County_238,WA,34142,35.55244039251727,8.765717359373031,73297.20353780821,9.38764800416456,29.803786773842766,67.07365423975361
10239,County_239,CO,20684,42.38304555610492,48.52758189410144,65860.53149809736,1.0685078585413375,46.45896247656576,65.8757161054664
10240,County_240,NM,54064,36.370740299853466,36.02021142847991,67674.97005694303,8.2049732969113,38.75390464028443,53.30223398061271
10241,County_241,OK,50598,31.674976520006865,29.40519773140379,44523.488226224945,3.0748129249579024,45.97475313794372,62.66693317286419
10242,County_242,SC,41698,34.55953659797456,16.764332392781178,64842.517163754885,10.16992811237578,42.78875477506599,59.28482477913396
10243,County_243,OK,196468,38.296415060460234,17.652644481586726,45232.85367382263,5.174990071211659,79.97714798047872,64.3802161787455
10244,County_244,IL,30001,43.14702336650141,12.241669755279636,350.95497145268604,4.352097962979812,66.26138938242,50.31046352330771
10245,County_245,CT,26117,28.458544357292986,35.25799309038764,82381.67715532276,4.490778868553047,38.4836052606275,57.24092792777039
10246,County_246,SC,14431,40.5153232922177,32.264365590685955,79373.77692461497,6.861298592464454,24.37878079153435,57.26421155586417
10247,County_247,CA,57721,29.03429038491378,52.05926139552193,36272.98937463686,3.0953805850959695,38.971671800790894,77.39237639206699
10248,County_248,TX,20891,33.20657452916185,47.47404274918607,72853.23317614528,6.44394534961335,67.57329145109533,63.49067139287307
10249,County_249,WA,149093,51.27251879767215,18.06225995701392,42530.24725894384,7.413911788580902,44.175829503485126,42.16983917725086
10250,County_250,ND,90386,42.5425349076451,5.274412256352629,35782.62078459822,10.78114181080438,52.57191955808447,83.9543304587995
10251,County_251,HI,20579,35.915554197102004,17.8746926619928,33915.871255406215,10.028506436942063,59.24775604076403,59.78244830190248
10252,County_252,MT,9384,41.8339588733669,5.796432836435277,39448.293796902384,6.333026933965484,64.75461265610221,81.86098795260725
10253,County_253,KS,19661,41.379291663029136,10.58378003158734,78340.44195090969,10.808430058117022,61.58346939031166,65.45953074804632
10254,County_254,MN,161952,39.67887271861985,28.70010982398726,42138.578009064695,2.307152097145729,71.35319858129047,63.73745961147984
10255,County_255,NC,24916,29.66975458969577,8.91824403596662,23383.764640217614,14.729299646696074,57.705497341415025,95.22957421024653
10256,County_256,TX,498861,44.60175204633277,40.976707524597686,75895.48949311524,3.7735343645910158,55.16921414090802,94.01953644594909
10257,County_257,AR,43136,40.807111771654384,41.57565484283048,79097.42379953398,9.109297294835267,56.809302075719096,68.50880341619737
10258,County_258,NJ,363773,50.89135925988042,64.80904773100303,49633.89021995998,0.3960383878629186,34.498220150650326,75.16912195638264
10259,County_259,WA,27853,29.846867012357393,22.448644952075767,53506.57725289652,13.534411694656622,63.61695856073691,61.67246772424048
10260,County_260,FL,12668,46.4577462324926,21.383600142636965,33194.00154592803,8.454804180040961,67.4808736084142,59.5737284512582
10261,County_261,ID,53678,34.89946756538376,13.654662751907631,57747.31889696343,10.651772181188582,70.82097830054735,57.42000112182131
10262,County_262,MN,22897,50.10896578096395,24.10353180276008,61701.2206562447,15.213946231275125,44.13800231357001,51.97223771825572
10263,County_263,ME,7961,48.81721733762881,16.305639233446584,50600.83258791548,3.433207298312225,45.9172232745635,59.4336613375839
10264,County_264,OR,35709,41.019837782439616,45.660002619714824,72855.03640886149,2.545392046574164,48.30639530092735,64.93019945121198
10265,County_265,MN,30737,39.49289161956119,48.69280703870187,98685.80766489937,8.423697201044966,63.8403452731437,74.04939975480434
10266,County_266,AZ,338891,46.31314535357247,42.25259397918315,85464.2273553391,7.711509661362273,21.470214349873213,57.79772081132116
10267,County_267,PA,23602,22.9301356895175,14.763429687782798,51770.92184604306,12.79138811983069,49.992028187487286,59.76185056499291
10268,County_268,CO,188838,38.6374296194704,18.329402955243417,70350.51507434055,6.081575362212653,59.24367955523078,93.04213347641131
10269,County_269,IN,15882,19.237818133177765,8.608926003675366,37912.28118464914,8.062334136304122,45.37919902807498,66.29050530105626
10270,County_270,IL,198069,53.920176275045336,36.38784835606049,48989.273075869,5.988448728318677,50.171508400787125,73.47145688105205
10271,County_271,SC,237971,39.67996649681434,46.07623323251905,51784.23108153283,8.94058725286672,31.57339943970976,90.93739203741384
10272,County_272,TX,149538,45.00260710128227,66.45961819278466,54875.06372421729,3.2571891229196064,61.38708952162615,53.972243706406395
10273,County_273,WI,202457,28.234105581983982,8.785231896259626,41777.73906904497,9.376486404660016,89.66919781003241,72.83204047249946
10274,County_274,MO,703,39.33413257422217,25.046935369813145,65140.09956478127,6.438217529826526,84.66327473868938,74.75526664417707
10275,County_275,DE,135996,40.404247078082484,58.836457636025905,65814.23057839957,3.7869948482067746,57.49854991196428,79.28207122768298
10276,County_276,MN,71180,33.37506930339355,20.237452646733185,53872.242018555975,9.234237237912321,66.01596787781784,86.62400778687582
10277,County_277,AR,101811,34.42161052207056,68.74949791290396,46078.95956601324,7.882986609526245,51.129365795303436,60.864186043603354
10278,County_278,UT,11260,59.60841462231831,22.558212335097082,51182.97003078513,1.921220467252414,45.84240759575467,51.73211834112811
10279,County_279,MO,22610,36.527637110932346,39.573700197509176,70166.1168688035,3.856484726044182,50.640743497990705,47.48464520180193
10280,County_280,MS,113922,38.082061569060464,46.86029918474276,55597.73221084541,0.4402526275140798,43.98377853656088,57.80726829182572
10281,County_281,MS,19870,48.30813238651815,33.11685117498006,58822.35360387801,29.669508029287016,27.07000250729793,67.16038274588301
10282,County_282,AL,27655,34.76479923881061,45.679577769409036,21952.784462293766,1.2856298334583836,41.05783975842424,60.18640766560187
10283,County_283,WI,9868,35.86018898121212,41.3633885368727,65757.69126158196,6.386205382109729,65.32745235540301,59.85922225423781
10284,County_284,VA,3823,38.42132844225386,27.472820375468586,39189.75170163812,3.2740297017435527,46.24478421616332,82.68312207531396
10285,County_285,LA,587951,50.74190845245526,20.013867492529357,50468.80185846275,4.9935225531912355,60.07554256788804,82.8881833800096
10286,County_286,SC,16333,43.21723035636649,8.921266947537674,68198.07182888221,5.902788522267655,51.94428182337503,67.5234208744726
10287,County_287,KS,155389,44.74002000080679,55.571273801163734,64398.96167272915,10.3724682160133,45.820497031065855,92.8264104368713
10288,County_288,IA,36639,39.93335621332345,23.764310736375776,67703.83766665668,11.590958750162025,36.328757080535965,60.44607089049159
10289,County_289,GA,15856,43.9337635144257,4.011718923117895,50534.138476737135,8.701848436532575,50.53133209391761,73.61744400663376
10290,County_290,MD,57412,53.93613554253841,14.569949682408016,61904.31611185158,1.388307252069519,62.62471189552086,90.52013972613277
10291,County_291,CT,747561,41.20377274783917,5.360421186878759,43397.44728590512,5.058369865674753,35.98133612652935,54.56316507783329
10292,County_292,MA,52195,46.72321543610075,19.930879857841077,39218.840630746075,5.494517879016141,32.42809428408721,45.87015742688497
10293,County_293,OH,42461,41.638234708186545,3.0272351300277456,51935.22637349195,6.6061633504070985,48.06924913008566,71.5486828897911
10294,County_294,ME,25093,33.751517015236814,18.056495239704397,72010.47161438329,1.1316551820541154,29.116818714391933,62.93576202101369
10295,County_295,CO,223618,36.647686982226176,55.69182162432661,60643.19764750795,1.3675359593161722,24.506130609367847,81.80740136566938
10296,County_296,MS,58788,40.17841028674977,55.23220635249254,56300.64505865505,3.1460172477265993,27.646200829722588,78.19010406451358
10297,County_297,SC,161101,44.09032384827671,26.845564440231772,33887.29320097618,1.299230029422747,60.53968119084971,79.94298247557099
10298,County_298,FL,524255,39.10016492219821,58.81424230600556,74212.29906249893,8.578354818049144,54.77920101734064,56.51336941836789
10299,County_299,SC,18781,33.3540041429227,52.14519194849433,37402.288865148716,1.075627873005541,55.59509665942994,63.801704569474694
10300,County_300,MN,127674,38.96197191928558,23.7323583010441,39756.62826271862,4.549941584497706,78.92131037213326,58.48823444470753
10301,County_301,NH,55616,30.765416252532752,24.546057421963297,49866.6613190893,8.858031451952373,47.73314923581384,81.14814204032679
10302,County_302,KS,210393,52.23451266364014,41.5240239623659,39422.762917446635,9.656450504560961,59.30843497397217,64.869886327308
10303,County_303,IN,21492,32.658768229225295,18.777448505303308,72259.58579813498,3.1986007046304348,50.19623938298713,65.31377108311077
10304,County_304,OK,13752,37.44688989642732,21.76986267204066,39502.6977098159,3.686642792694671,85.94160312250395,34.488318297240475
10305,County_305,MD,31217,51.05179676751588,20.58568665878079,53384.761005509055,7.789017086171459,56.4516910404637,89.41655762119653
10306,County_306,NH,101266,37.783886725744225,12.921776301023918,87803.4195674049,5.904018105357047,54.89810953760064,80.86954065862734
10307,County_307,AZ,110881,47.467478334101585,36.23949818495093,44324.804718681626,5.2579086854704995,47.14317643802512,84.5919211108024
10308,County_308,NH,5897,29.102340412484352,42.65806739571279,56807.35262398271,2.918967016203631,67.92843072409127,66.62075379537873
10309,County_309,OK,57855,33.99640645039482,34.76024287418802,67961.0489722786,10.60596113617896,61.60950980582112,91.34131842919604
10310,County_310,MI,112429,38.80382868788703,29.94845613733058,50198.803348742265,11.572537825891613,76.14103559654392,64.61328253429184
10311,County_311,FL,69972,40.7388183164865,9.746363366034846,44239.930820655376,1.561722068385264,13.87532392487842,82.0609515849813
10312,County_312,NV,55469,31.927801360216215,29.483558493121485,51890.595229793355,7.974840517212423,26.422652430080635,49.33102092706535
10313,County_313,RI,86229,44.65390802194015,43.947168026105935,59654.96121187627,7.215580882869499,55.359005269791474,79.05234600080591
10314,County_314,KS,23719,32.78577406395869,42.290298521392494,41856.73090682121,10.332677527870812,45.08104497135319,58.76847248154778
10315,County_315,NE,46661,31.52608565366822,23.637171368181413,45661.24148247799,5.177900258158634,61.427163320039924,76.18824992090659
10316,County_316,PA,61096,47.46988057588747,14.478345435955475,70059.50849007194,5.694963240658237,39.80414480552257,57.48713817710507
10317,County_317,MD,347665,30.188818224575165,13.401332674554792,36874.619633219445,12.738656234310803,23.13522199616171,87.81516334279343
10318,County_318,CO,219123,37.02616264154274,4.331439561086757,43118.214285632144,15.875026885920368,62.0483432341921,76.89944043465763
10319,County_319,ME,63852,46.45043334371415,34.438687666843364,62788.160869288855,7.039909234025902,26.102185501478274,67.51261894355353
10320,County_320,CT,42361,36.99012546569106,43.25611479552978,24623.082649208252,10.120092348036971,34.58286091139278,71.30155932715573
10321,County_321,IN,54578,32.17259298129144,25.87947309539481,65508.33155613249,6.164678760182863,57.72368100642575,60.383138874164764
10322,County_322,ID,57585,46.62545908082591,31.187534983604653,50071.88819979282,4.041312154388052,67.49026365855609,37.353120759979504
10323,County_323,IA,72673,38.25991975542324,16.061852631642736,47445.080937182815,8.365938902948223,75.08607785277819,86.14443786416433
10324,County_324,WY,3208,51.5222284396709,7.551123080616741,32082.262088005937,3.2679483263995266,56.85047730921213,92.85623224262002
10325,County_325,NY,89321,41.00296501151485,27.179467191253003,48811.7456863748,6.852112899073962,46.82489732710399,77.49550300976455
10326,County_326,CT,16688,46.07228036197076,12.30438115459177,85905.0821616891,5.455870257329199,64.67655382162792,47.51411932836123
10327,County_327,HI,230910,24.412253518981338,23.886331730367345,70040.41680881754,7.521265756147981,71.00311876636759,65.54679790217232
10328,County_328,DE,97421,49.398641368803894,3.090616298686674,38719.64235493795,11.322008977168647,33.029079102533984,72.36515085916633
10329,County_329,IN,16921,49.60097470799646,48.67146065227214,50258.874232190414,2.1056231631869102,21.26258109224809,78.876735847815
10330,County_330,FL,4766,40.9066012905589,24.53072520021283,50885.08124788062,1.9186954265134348,29.885711558295885,55.463609147664684
10331,County_331,NH,2560,42.22082143038713,9.504735756949717,56140.55910845256,4.054699139079429,64.91506075399225,64.36231762041821
10332,County_332,ID,84519,56.72699313173233,15.446170988118087,42631.67043251728,3.685537445805248,88.79052625707241,82.4036709754091
10333,County_333,CO,29364,38.08086683202099,8.391932827898616,54883.37807235636,11.222323791536482,20.308533145165356,58.348937808176395
10334,County_334,RI,133447,33.38337385941422,12.92592253548957,54394.34169035442,2.252736600838107,29.08632619730969,73.54452959993893
10335,County_335,IN,15338,47.29597721515876,19.065962164009306,13039.52313427184,5.075284810762168,42.511527324207464,61.51532612451358
10336,County_336,FL,66467,35.87359434288241,12.456369133111233,73509.27237596012,3.634248116971094,58.522712516927434,62.96313474828985
10337,County_337,LA,3685,37.02850788125546,10.604546496869123,58746.6188352278,12.087555361785004,58.64181090729011,81.61815453170688
10338,County_338,NY,192949,46.83394074581234,6.435415199259005,27376.497438432918,2.1823583306685603,70.60008228664618,90.50084259890471
10339,County_339,AK,40534,37.69296999968702,33.78607102432669,58358.61242322976,7.992691645877603,41.230595064785845,88.62214333907012
10340,County_340,NE,27732,39.69016849114585,35.0912595130949,72989.16358326098,3.144923626503286,41.2788729742271,69.08468279405547
10341,County_341,MS,87649,40.73949585386812,75.68329171712206,66058.57179369243,3.853679434853128,58.60951459371741,74.97823134076863
10342,County_342,TX,53299,38.29184633839443,18.592305467733564,57646.62227924723,3.5188273433955204,56.02727846867563,44.86146939261056
10343,County_343,OR,13736,32.06038756645048,68.95334774230906,52408.7301007632,7.580927883190437,54.22724375902989,45.5912544898981
10344,County_344,ME,126524,44.478663999825145,31.105409546411323,44081.31860762437,5.405498625374486,73.20925491744177,95.98619415023919
10345,County_345,AZ,17668,37.892649826591374,12.898538864217674,46371.77476634341,11.99619006115964,62.33635499834173,44.742089921269
10346,County_346,MO,22182,33.577009212327475,9.800858045785828,68857.77761849386,6.265642466773942,75.00759641753724,72.37553708606895
10347,County_347,IN,111344,46.77353548510741,12.266274837258019,67699.37601295527,4.307302662234762,39.955936141535986,61.80005375318943
10348,County_348,MA,50994,41.60167024466207,52.37103844444258,39150.41813388729,2.075757590564703,25.898087163033118,66.41294025436775
10349,County_349,VA,4355,22.262992577142903,20.11617742872178,65305.7304354219,5.417732147953302,45.55740101060755,54.3659206339578
10350,County_350,NM,175478,42.73996593541681,26.449571437077797,33226.38118576712,2.9422181145038717,69.11358207984165,78.52329718865782
10351,County_351,MI,20806,28.723421159743033,31.527867512874806,65374.71265620441,5.932349506295948,29.52518621959106,77.73841693763944
10352,County_352,OH,41828,51.10005788136097,55.710793239933395,60714.58972124421,7.888720003608701,46.70418885786794,80.87319336279938
10353,County_353,SD,15065,35.458782040602635,4.718466268510832,69604.67082468198,10.17031884112478,37.26431407832067,59.96998888698334
10354,County_354,LA,33360,38.562110074797815,12.284519949950042,49711.32968942956,3.689024390312074,48.208842064680724,70.0145858745138
10355,County_355,AZ,69874,37.389115202640184,45.801390962835455,84222.18257814528,6.723885456984585,67.16178714080543,90.14966920212915
10356,County_356,KY,22098,42.517249622525874,62.377408628959486,45474.88598393169,2.9635990153713405,33.842930521307096,33.298089987747495
10357,County_357,AR,76304,27.785722049212684,10.445461518353593,54517.7265891655,2.6354713085153003,46.679574344948335,48.879103273991184
10358,County_358,ME,32192,42.14304256036359,21.14741321805824,58651.502102216495,8.102914172101826,48.56475975080061,71.45281309982822
10359,County_359,NH,29455,46.84684987368516,59.24247242033355,64438.29484234972,3.4594759745633317,37.342215372883906,73.44396906282819
10360,County_360,ND,19358,46.98558044489845,26.21750345329495,49181.59256021234,4.087285548071776,47.01469608409822,91.80642623412982
10361,County_361,NC,61856,43.382117403521576,30.003161145629832,38909.22409206941,21.431714972007864,57.67177425212835,55.60956513770113
10362,County_362,WA,62715,45.14465460856694,41.429920805459595,54051.91807578052,1.1078065242814117,69.35017101511075,60.98683058605062
10363,County_363,CO,25974,50.150162760004484,2.241062283801124,63228.51596020768,1.9045093079764732,78.81032421993531,77.49107344919128
10364,County_364,HI,135866,46.157380996634,19.331424756609515,68301.9535150698,7.34741812049467,51.566159243809615,69.04425452094341
10365,County_365,WY,40195,43.571412518993746,20.557800440779406,48801.91446153035,18.051082995224878,59.56047886614013,87.26159940372158
10366,County_366,NE,45676,37.96556813397927,49.2998330389079,56078.186274767126,3.2979953514431886,53.35784842575874,77.61497807460418
10367,County_367,AL,48017,40.748895449060036,51.59678694332654,59933.048520200544,3.004336780610627,52.96019319915794,58.80039642873807
10368,County_368,MT,21596,21.574301546464845,10.524641504949974,77590.26417982664,2.5477833788009474,59.01619833661018,67.92962612541659
10369,County_369,FL,31036,36.788701422290494,8.85419872178883,40343.82899465642,1.7640004899166961,34.81002091514373,70.24655822185765
10370,County_370,WV,50858,29.627779847589203,5.826800699131242,75283.28086434629,2.975788594123016,67.81286247569793,57.21348192178763
10371,County_371,SC,139196,53.04782705943866,5.3491128088921425,43124.28067286224,4.396705580758418,51.5188787591486,77.92307813798759
10372,County_372,OH,126030,31.873928251282237,41.59253788000851,52358.472170988636,4.701444401774502,37.44868000199582,86.81326474996962
10373,County_373,WV,64288,43.1835781798598,31.247707150843368,54483.09292772765,14.77504681320275,65.24682348261226,79.33130933363293
10374,County_374,OH,18543,31.83926609012905,37.61080288650481,57858.06484653805,8.812464171496378,77.87800522651405,77.89812439718229
10375,County_375,IL,28071,40.80972944813943,6.712260330584955,69483.74667322928,5.069630880499862,26.722493347488236,81.01817364723945
10376,County_376,GA,163870,51.71723331268912,22.10997982564271,55949.132061271965,12.20736442508176,44.16416343243913,49.32469159204749
10377,County_377,AZ,27576,31.25517145067897,16.909375723388127,51094.819549177795,8.678378829396143,55.213649984419874,53.4149399510473
10378,County_378,IA,108824,30.75477376110269,45.83620735428295,38617.1056087023,4.663429950752198,50.35531663022781,63.50055124279721
10379,County_379,AK,12870,43.795406770368366,61.90128456695373,85741.14291989725,3.105520503400806,59.00008402721705,78.54098131797448
10380,County_380,MS,34736,49.51178144482837,24.182303766588433,58454.21794969245,6.956592999799506,43.46740920112446,66.89780790260372
10381,County_381,NH,40511,32.11288430013677,17.56856038117073,46595.29608607144,4.487840125455066,61.696530151292606,59.03709319008834
10382,County_382,OH,41667,37.718879874158404,17.036640367365766,34432.90788333489,11.491538394807225,32.721499543644605,76.40114250782075
10383,County_383,NH,228178,32.187774154003066,27.882447536839923,37152.7985066671,1.2788993972671612,55.72087927508393,72.04567167505732
10384,County_384,AK,115347,39.27951185157567,9.889715570273317,77125.8704659211,2.4157445933682644,35.415189840427,76.39680695345632
10385,County_385,NE,52630,39.368632576361556,29.180508809756756,44389.85653399687,6.573745302919205,73.57766402138945,52.35136399797492
10386,County_386,MO,196951,43.71505161713152,33.23602405255463,69923.59382016592,2.5657039229396763,45.03488640383182,74.46302384090306
10387,County_387,TX,318401,38.823952463659715,55.33619652664925,64125.34871678469,4.268000141144688,75.6773907229353,79.88143091147091
10388,County_388,WI,593613,41.55472650230109,19.0106340593911,69241.07831027432,7.078020707388161,55.95708201846913,71.2683266280138
10389,County_389,SC,132097,37.355252815788376,42.37899226068121,59158.85355909854,1.281134756939117,40.746645082031776,85.15190289567032
10390,County_390,NC,30475,40.17704722237077,38.22267816093707,53806.521738859876,4.5378791215679835,70.55110776028151,87.05208443114346
10391,County_391,NY,132197,32.644168276176565,52.817207304528445,39526.32892199502,9.918599223499573,67.51641536336078,88.95349226496194
10392,County_392,PA,413856,52.16962035268628,25.754759045974446,64044.133140107,6.661988152499136,45.19143638211589,78.47785279518355
10393,County_393,MA,57335,27.531675401818163,16.297393443472018,60455.52965340975,4.408431958786674,29.126672599869906,77.85851723655816
10394,County_394,NH,29584,36.59031722710595,48.49884880565205,50059.22813191578,6.156335124087726,70.29374099850259,75.52705554093035
10395,County_395,ID,400565,39.037080689686476,6.727567586593394,23776.24992197379,3.8174940220671396,48.12321880209306,81.0849289496622
10396,County_396,KY,679667,37.831256765806785,43.90623785885618,29350.33632298444,4.648272550138256,45.490498361681425,61.62210662558678
10397,County_397,VA,68212,40.40672976177783,10.025359021762734,26966.80302831257,1.5871587238731764,53.72318378323509,61.10193851560651
10398,County_398,AZ,27635,50.73470867137625,3.6880396762813406,85715.40506192816,8.992903068431374,61.26008438535917,76.28514322547161
10399,County_399,SC,3439,44.30285836788584,45.665650486144784,72416.0278133412,2.487488604220355,25.524803517687005,51.210651578591914
10400,County_400,MA,32624,32.06901323519047,53.70109507016544,57770.895657945584,5.426016662813413,34.763661412394235,84.83830299403313
10401,County_401,CO,695382,49.60916014066997,43.76156129555327,44278.01448929235,1.0647004785163607,58.192382953933695,79.18597534552153
10402,County_402,MA,90218,26.166585630561038,23.57854464870705,36929.143557490475,6.153187204124916,38.49532454218774,93.38475997972948
10403,County_403,CT,34219,54.161936696644695,10.163258296443123,59906.165258647976,0.7093562825133549,70.5852231685504,42.45721241631104
10404,County_404,ME,9863,44.38267162656259,16.432415682609943,44566.03873823164,9.231736850234022,34.787992530475556,72.11287110643411
10405,County_405,MT,36382,50.23997649863371,28.063042268691955,37380.526910631925,1.8973130240071647,68.3579766157618,65.37203843536847
10406,County_406,ME,15551,31.392123107624748,28.704803015429643,60994.07956967377,7.898349057554395,65.37177489091394,61.39097520794255
10407,County_407,SC,643689,39.404787930172816,10.945455600957304,37664.10451598535,2.4375092993086667,53.91476850900406,56.39595368895524
10408,County_408,OK,171324,41.59422621927065,39.904308137819896,43868.32538451849,2.5707349928792733,50.356376452461134,77.06953904508971
10409,County_409,WY,128949,28.328318503010507,58.584840533384174,81988.3678960376,11.440010005300664,69.40012918421994,70.84102101797393
10410,County_410,ND,18765,34.71382568301577,53.31591251610109,72627.32331379614,2.0624499252875945,46.61721726060132,64.07548056254858
10411,County_411,CA,160627,40.03656750020352,55.22191647745094,60305.04833082389,3.68548897528044,32.2553530565323,83.60777576462377
10412,County_412,WA,7794,38.936464401414085,32.57176232940328,69725.67874854032,3.278635854171634,47.120633068205784,90.1414754862658
10413,County_413,IL,16861,41.831921167034075,28.629372482419058,71253.23433048131,4.769609769513865,60.85962275081182,62.976315685743444
10414,County_414,IL,122760,45.779711218029576,49.159312663464846,31355.083293536518,19.20816321282107,50.358060050143294,44.05323537173674
10415,County_415,KS,90144,48.38846422458301,28.105059431204353,52809.31175778182,4.295932703248164,37.418723875281025,75.02101131915092
10416,County_416,ID,7520,27.128811850100725,33.01606033118492,55803.70702985274,7.703054048611283,57.68616388525288,70.40183301400435
10417,County_417,WY,30033,52.8939749786353,17.717019127909317,69707.73536790442,7.732871936026166,9.390922090762261,61.024107329144464
10418,County_418,TX,68876,39.22463343716764,77.45836136049815,38114.474293258165,11.57499692760645,32.03064200494868,37.859796255607634
10419,County_419,FL,29532,52.23616173396407,53.614096810627245,51149.67805787845,0.8683685264816181,31.559233870895216,78.8698479294876
10420,County_420,WY,46082,35.33400585600859,65.62081288222936,54466.411841408575,3.3324627010291747,81.55439768475644,67.72935461231008
10421,County_421,NM,144649,40.24654598253292,60.460036616582066,58477.321217257624,4.11039590275778,70.72147365674275,72.26331851181963
10422,County_422,IL,117763,32.781495852515164,34.90314791827897,52960.935118926136,2.611081596492088,57.38265191209039,89.62951551031824
10423,County_423,HI,20600,32.28399642646498,27.626871772533512,31635.540107011842,3.229832501362664,68.15222038910427,57.70554055853704
10424,County_424,WA,41831,43.205009806581124,26.15017517150846,12793.269618593456,5.494156384018785,60.63553215800789,65.22994397667567
10425,County_425,PA,48821,36.44200648371337,55.10151853470929,69320.32270254423,6.030180544723071,70.46845188305188,62.71548015201367
10426,County_426,NE,54116,33.493341722355915,29.209640194466612,64943.55252496922,4.843285673838378,69.9395102609094,64.04728909143695
10427,County_427,IL,152726,40.447016261335314,28.57545482822949,40451.1925178173,2.596437385671363,66.99555149128949,77.85290645911223
10428,County_428,WA,86756,43.263298211624964,15.494441204297605,45403.70164088073,1.681175261322483,45.24807177598522,72.17659389236441
10429,County_429,CA,38850,49.14566255593109,40.290675638567045,50896.749708950076,5.5482794785460525,14.815017271416325,69.20582050144981
10430,County_430,WV,17714,47.43430000314499,14.104465241109299,39900.03597790511,14.162877330327376,49.43021352987423,83.97897014310637
10431,County_431,ND,73428,37.646309348644905,40.76371871695313,36530.00390064607,2.8302848016109112,48.20286197603516,64.04481332243581
10432,County_432,NC,6596,36.43954706086063,22.622213131907696,52583.35972990321,1.4361866698570291,50.86899618419154,65.56233677681767
10433,County_433,IN,173856,24.776170015413946,15.34811689291782,36733.82487243571,0.6188045272284415,46.21884022809168,65.7418308379502
10434,County_434,NH,496759,37.93667024650425,18.853812362336626,19396.948865611972,7.021337483529357,47.41678475369071,69.70812606103637
10435,County_435,VT,215402,37.924860134628716,1.8128383720346704,47202.14667615916,12.358804625286623,57.472594269349486,70.95457490092376
10436,County_436,TN,11570,42.94278637680982,51.79934668484828,54486.83267763015,2.626898582963851,56.97392152468586,84.70312114011782
10437,County_437,MT,40782,42.21329144412138,32.21544482965024,56252.16333275461,2.8203817026012032,41.41062505182698,66.59483214164364
10438,County_438,DE,28058,35.18409278069265,37.21590759528867,42838.27144550761,4.076328502274182,28.3151826902185,80.40181832791036
10439,County_439,WV,52995,53.83631244873129,16.6461292744171,57836.18328469245,15.353956913902284,53.844671791321396,64.64625941781308
10440,County_440,KY,61745,43.06654075137971,21.992934557222203,68844.00849400913,15.157646715165813,37.776731890774364,64.76990740612958
10441,County_441,ID,95656,65.19174821330242,39.134469155045004,65545.09384874793,2.0402622725467925,48.56046702760468,68.45637524011006
10442,County_442,LA,367146,43.005830911429,36.27247397756736,42569.78420903144,10.27689165867062,69.2513981226358,60.5230269380459
10443,County_443,IA,324797,33.184795334471204,33.28462462965723,67291.60592189574,2.9837598075035876,35.126490818989595,89.46818149535112
10444,County_444,MA,45092,48.0916324405772,6.520238320206162,30361.77634014624,1.178477443417333,56.63799348299846,85.46638237019621
10445,County_445,NY,118465,42.478599908180684,8.373880703142987,65698.9418693563,4.685353087064886,35.30139047722297,79.10232159731845
10446,County_446,LA,378452,34.91405941974673,15.873331744812113,59849.3439347975,3.292678676680325,72.58162657168212,91.40600881374456
10447,County_447,OH,308862,46.78549170708558,33.53846409774679,38756.943498062166,4.783116573665929,50.93466353970073,84.17958065171342
10448,County_448,WY,6986,39.58760497694713,26.67713624969974,51316.10992638855,2.355597140179018,46.052030123906505,44.89991454873788
10449,County_449,IL,32844,40.671284391434064,11.651550260503171,60632.59202424045,6.974419761742991,46.26735915177764,70.81688389833212
10450,County_450,WY,65589,43.45558645363605,52.91034664185874,38744.85624838579,7.144540013635159,37.043820207229025,89.91462479528474
10451,County_451,WY,334364,38.96560612506087,18.27314524326875,26218.09647677045,4.690252263766323,62.79589670297153,77.28244479856316
10452,County_452,NJ,16390,35.436721675993056,36.36457378500192,80580.67219722591,2.7146169851833126,50.677804916424996,44.002750485029196
10453,County_453,NV,49741,36.99917554561127,21.6913941202124,55534.44394964699,1.1938661021782373,58.36239400626471,51.51149132118885
10454,County_454,MA,5754,40.59022284215415,45.37479749866668,84190.72373759391,12.185677326734359,64.24985733841743,69.6569743810582
10455,County_455,OK,692758,43.8132201572239,23.882228612072552,70461.5070991643,3.5281600057444984,31.92794406790983,68.04767659927398
10456,County_456,NY,278136,32.51731916822538,24.04105882582945,56082.84465303439,1.0570831495103312,28.06451540642552,77.58263569769072
10457,County_457,UT,22910,43.683152558043155,16.61103824650256,78861.73922798842,6.989003636012024,67.35580085883696,80.59166420266718
10458,County_458,WA,14206,42.50990146462693,15.432897372744915,59898.67349778737,12.145711243470517,40.339126088640924,39.304367915903455
10459,County_459,MI,141289,52.474219256497534,6.80949545803501,57260.71287102412,12.164155611648212,77.25650121017112,94.55593065738147
10460,County_460,VA,80059,41.238406016104946,9.710069259310517,44987.85932474048,4.052681847984392,26.959649694735837,88.48257600162562
10461,County_461,WV,416924,40.40596470191579,25.98475417863203,66534.70261739366,5.8012304056734365,74.47958428183557,70.68197781420682
10462,County_462,IN,25566,37.789134476766215,64.35651880396172,58999.65015973643,2.8735450633886757,88.58736056021182,71.46698402277113
10463,County_463,IA,125895,36.96032351690628,30.388074248397416,45976.17795599649,3.484298952788828,70.49098212427172,79.04003934672069
10464,County_464,MD,67853,32.11881730933214,37.461099342746735,49747.60616233658,5.384318715871366,70.9153105517652,74.49839563645789
10465,County_465,SC,407270,50.668761529055246,35.30808662938019,63922.89529840672,9.771199714484267,62.41314795655061,86.81392254458682
10466,County_466,NE,17614,33.419867669653236,25.97984078303576,84995.00668823902,1.4075596658461518,48.35469854118697,55.51485247864769
10467,County_467,WA,33306,48.679543993386126,39.013393985986355,43046.77199755994,12.259213219934209,39.53988075097754,86.71690040533818
10468,County_468,OH,34413,35.86057237195715,39.73276804436502,73467.38427606046,23.250753845101325,32.29291113269721,46.191485147335335
10469,County_469,SC,66052,39.71266197920051,16.87499560996831,42426.49850337822,4.961917069275732,56.696377470197355,77.57324698559779
10470,County_470,NC,49028,49.61887089880062,24.218622894494153,41826.702976312314,10.395803830574375,76.26780010155078,68.33141845903663
10471,County_471,FL,13631,27.764350900881613,25.414939714588964,40324.32164941507,9.812023266556992,33.94693394703588,63.445838033106405
10472,County_472,SC,71858,30.890257705715445,8.371664519470944,41752.44051051594,9.191899189809822,51.5217823382222,71.80465480659508
10473,County_473,NM,29098,28.725866131170665,10.32395768690846,77065.07396142265,9.857915946883645,54.67468930983669,68.21995344601245
10474,County_474,FL,258463,38.36319863630123,47.955711173266295,39390.56263952164,10.984074688825977,53.09963675611807,94.19166391700816
10475,County_475,IL,12076,31.836902819310552,59.89600759695174,47427.48424630781,5.572668524908136,45.594196742428025,93.5099728326767
10476,County_476,FL,208641,33.07914963310731,42.776614126327196,55751.33376014769,3.5705298755928085,44.9146680985665,59.98579687312782
10477,County_477,SD,44543,44.97652697700867,7.659563945478063,61774.55597681871,11.51655625801897,19.40637425149248,72.29057318053763
10478,County_478,CO,63393,47.50725645249693,22.023487360211192,70980.7023949777,5.962403232134984,65.43469367088636,88.6525701430054
10479,County_479,NH,65841,37.13477909746846,41.54977331248391,70601.76514711203,2.152437373215812,74.35398460285553,60.91280738224227
10480,County_480,MA,232580,39.62915371462294,9.19387947262898,63269.45176172385,2.4822644857309815,58.92269847301821,80.12257901141787
10481,County_481,WA,65304,35.049198661781844,6.757196585677602,44977.69601495511,10.925268107935524,56.598892244527654,62.34133117507887
10482,County_482,VA,132566,51.37851352600232,13.607834566959392,43701.21652076806,0.5729985481015869,50.34211740165851,61.22394231110696
10483,County_483,WY,122596,53.239679182570626,28.63599489355154,29883.165693025825,10.268129381878301,37.555681557344705,77.33742551594267
10484,County_484,WV,158369,44.512718673268346,25.70712872782786,47448.22718089029,3.4017848418246053,51.83374155632586,60.98091062190092
10485,County_485,ME,29501,30.351671070220352,28.236215733754104,62081.995149688606,16.672017362981144,42.37557591466129,88.88841277750291
10486,County_486,WY,263940,52.562000250971515,30.91988221077609,70531.61427990005,7.1839629806153535,67.46391868648328,79.50484462270009
10487,County_487,SD,90377,36.0828781597807,47.86994211989424,59188.41802821333,5.1838443798867155,69.39269689091766,46.36004707794834
10488,County_488,NC,22144,29.594627162906242,35.68355921397886,40809.142939195626,13.179656017411705,52.23035747536648,75.05761075251104
10489,County_489,NV,215668,37.41640088738653,28.51248016322095,51167.692422122906,8.278357195414042,34.7472343112947,57.587790797496616
10490,County_490,CA,87060,27.74280700851643,14.835295257565859,38328.32739023608,2.384270923225957,44.34719985933731,52.75333967539028
10491,County_491,TN,102053,51.1355837114163,19.98712107574395,69388.08350941705,1.5683542707863392,35.74199053586823,73.14195343248167
10492,County_492,RI,207369,55.65961781915955,25.384519958748896,83646.16031813179,6.971193867057611,60.42602783048368,85.10869396990763
10493,County_493,GA,9248,37.44705135168408,28.405555159598254,53004.29029439258,10.733715748335543,44.29640379989061,63.356244684428
10494,County_494,MT,81673,35.602086445190736,37.24938479259644,91954.81446010261,8.662933848380518,42.485474757994815,79.13016294449945
10495,County_495,AR,185000,50.82764017541005,22.994895644798778,50547.13880726954,0.9024963920411093,62.96971349255974,62.84405163699049
10496,County_496,NE,141144,41.1234973302835,60.91034463347349,48979.273139394674,4.441556770815783,25.131546504966597,39.7448766720636
10497,County_497,WY,74123,51.37070525422732,35.66326049405097,36396.55642434886,2.0244527758528834,67.72829470413073,91.23637710060365
10498,County_498,NE,221316,33.87271941713581,30.17584411731286,62608.01569265014,7.8115427613379556,66.01294138975187,83.25588017375522
10499,County_499,NC,15613,24.968048633694167,28.756858283751118,44388.34632877935,9.733015053500521,48.18789168296879,61.850253361323226
10500,County_500,AK,30286,43.50108636998948,12.850222734075714,26313.82396721456,4.436174816294723,59.91436648762117,71.1483144830247
