district_id,state,incumbent_running,challenger_quality,district_partisanship,campaign_spending_incumbent_thousands,campaign_spending_challenger_thousands,economic_growth_local,presidential_approval_local,incumbent_vote_share,total_spending,competitive_race,margin_of_victory,incumbent_won
1,South Carolina,1,2,-3.1242565102678608,987.5303067315562,100,2.499832892573145,39.80712554369526,50.817087356103855,1087.5303067315563,1,0.8170873561038547,1
2,Ohio,0,2,1.203565299665561,0,745.6247870203625,0.7731681672488524,40.27130046588908,48.88843875766323,745.6247870203625,1,1.1115612423367693,0
3,North Dakota,1,1,3.2972471735689335,1018.8123582068176,244.40186510759406,4.904505922205718,46.62673910319139,58.36496857705994,1263.2142233144118,1,8.36496857705994,1
4,Arizona,1,2,3.021298651021951,200,1379.699106795706,2.7636368592226495,38.329440244931895,54.334546045643386,1579.699106795706,1,4.3345460456433855,1
5,Montana,1,4,4.122088141291569,525.0640063878554,461.5134458903852,5.678466860963411,46.263408843232625,53.06976927634889,986.5774522782406,1,3.069769276348893,1
6,Missouri,1,1,1.3395589567626802,1991.008439493218,100,3.9109316484155108,34.652181348725186,54.10995464302214,2091.0084394932182,1,4.109954643022142,1
7,New York,1,2,-10.565251777556231,1645.7925248659649,700.4856387372872,2.7267556703366895,42.214571015146625,63.08163525330002,2346.2781636032523,0,13.081635253300021,1
8,Rhode Island,0,1,12.10612984703767,0,920.9136113012959,1.4367933002722695,49.50505421192735,50.712385131263915,920.9136113012959,1,0.7123851312639147,1
9,Missouri,1,1,5.354138826440907,2008.7969633583502,154.27968315451255,2.4018827110509746,49.21259872612863,67.80125161037624,2163.0766465128627,0,17.80125161037624,1
10,New Mexico,0,1,-8.227177575832135,0,100,2.741556384420118,41.14550517175789,39.811682867293115,100,0,10.188317132706885,0
11,Kansas,1,2,6.642936843666432,2924.5413769968163,226.5183096456284,1.5929238258088825,34.263108294217304,58.722548095937455,3151.059686642445,1,8.722548095937455,1
12,Michigan,1,2,3.6210471950270824,3282.0885921221134,747.0567697417482,0.39468443701438827,42.84291276824749,59.25425232170963,4029.1453618638616,1,9.254252321709629,1
13,Massachusetts,1,5,4.926034479706608,1918.8241102164698,1263.8563805025465,2.5877766228078736,52.092265076960814,56.787591097803286,3182.6804907190162,1,6.787591097803286,1
14,Illinois,1,4,-4.798275257525708,1752.0244097923567,1653.9404166098477,3.1678423375673654,46.46902086631479,56.618391762583755,3405.9648264022044,1,6.618391762583755,1
15,North Carolina,0,5,4.811035460411348,0,446.57713115325384,1.2963551688243184,43.58840681574726,47.92627320403528,446.57713115325384,1,2.073726795964717,0
16,South Carolina,1,1,9.076540374589383,1590.717486453719,305.79943685642377,0.19507052795821678,43.092583748562404,69.14196346116995,1896.5169233101428,0,19.14196346116995,1
17,Arkansas,1,2,-3.4997782461850964,1050.9848227899552,100,2.0636736389273667,43.88765386462554,57.76771085297725,1150.9848227899552,1,7.7677108529772525,1
18,Rhode Island,1,2,14.285664257886117,2258.266603840392,974.4676811711951,1.6960427703817147,35.69877227284948,61.1919920851917,3232.734285011587,0,11.1919920851917,1
19,New Jersey,1,3,0.657676322056882,1143.3599049197162,684.9898945576463,1.3816066408872962,49.30106751661706,63.15810195167535,1828.3497994773625,0,13.158101951675349,1
20,Rhode Island,1,1,-7.55380658043282,1054.2863967094856,1834.5212167106522,2.7358392167691283,44.093336233853705,59.0217138155685,2888.807613420138,1,9.021713815568503,1
21,Minnesota,0,1,-7.538946337960588,0,1100.164665482319,3.5378153466251945,23.836164194399224,38.48793225412585,1100.164665482319,0,11.512067745874148,0
22,Maryland,1,1,3.224902652534273,960.0955201888238,301.3000965571571,3.592774878320026,47.83325609644863,58.341172997725245,1261.395616745981,1,8.341172997725245,1
23,Georgia,1,1,-8.229085773107245,597.2244601017518,616.7065701843163,2.9349578592017083,42.03044422799531,55.472017941857445,1213.931030286068,1,5.472017941857445,1
24,Wyoming,1,2,-6.512737537529943,1547.831905134102,919.9773960105814,0.23012201870115168,46.4789935150062,56.80416353641853,2467.8093011446836,1,6.804163536418528,1
25,Washington,1,2,8.31644115180547,2025.6573956986792,543.8848813915226,1.6424442572466458,35.67080368707589,57.235674343177806,2569.542277090202,1,7.235674343177806,1
26,Connecticut,1,3,0.05502006900438176,2203.7063548677675,1290.417667964418,1.6647883108566075,48.701744116032955,56.67011768634705,3494.1240228321853,1,6.670117686347048,1
27,North Carolina,1,1,8.135262218103803,2046.3596880224075,527.120705124999,1.4504422973726876,40.556938455559006,63.47660293468208,2573.480393147406,0,13.476602934682077,1
28,West Virginia,0,1,-9.21251666218406,0,1112.465165829936,0.5323481056702959,57.05435110214028,46.20142578838897,1112.465165829936,1,3.798574211611033,0
29,Wisconsin,1,2,0.05549468680558718,1774.3341897143093,100,2.5233838928029884,57.41261458681337,67.8342087173488,1874.3341897143093,0,17.8342087173488,1
30,Oregon,1,1,10.84062371932533,1621.6183113013908,1389.2894376595507,-0.7480606708675133,42.87551134133652,53.937139819609,3010.9077489609417,1,3.9371398196090013,1
31,Michigan,0,1,-3.6179830135731463,0,100,2.8091422048376575,49.41598583136419,57.75075199781102,100,1,7.750751997811022,1
32,Michigan,1,4,-2.9359183567695353,2011.5376478072842,100,3.0733080114481326,38.859082633403176,53.59534299963276,2111.537647807284,1,3.595342999632763,1
33,Kentucky,1,1,-4.70954074184838,1371.823061896952,1046.4419641127138,2.211616369481537,44.74662392287949,49.96472241839247,2418.2650260096657,1,0.035277581607530806,0
34,Ohio,1,1,-5.156905612550281,1227.942372065687,1226.0617266686172,3.1369913296138447,51.19474362434258,51.06804567515419,2454.0040987343045,1,1.0680456751541882,1
35,North Carolina,1,3,16.83075708311757,1574.1364654171102,665.1560660425702,1.1188637381973912,44.518061836807924,66.88959809722142,2239.2925314596805,0,16.889598097221423,1
36,Minnesota,1,1,3.9639783708899468,1858.1228339357297,820.8439463184695,3.321617998454042,47.65931655613826,53.822344645839465,2678.966780254199,1,3.8223446458394648,1
37,New York,1,1,12.689205809913657,1466.8057444374592,867.8815948106518,5.33767059831645,51.941289962190716,75,2334.687339248111,0,25,1
38,Alaska,0,1,-5.00047520551487,0,100,-0.24343907856542213,56.045569190236534,52.00211054629401,100,1,2.0021105462940127,1
39,Mississippi,1,3,3.862028100563502,1628.9142646777525,630.8250547039274,1.8315246539922976,46.03016120024336,59.5956876428623,2259.7393193816797,1,9.595687642862302,1
40,Indiana,0,3,-1.7366421711569051,0,356.3845815122379,2.9141650964101578,45.22205803019747,48.272667404057344,356.3845815122379,1,1.7273325959426558,0
41,Montana,1,3,10.877539915596804,412.2848909950151,733.0321124322287,-1.0322871130592208,43.88068605872898,59.44466695744632,1145.317003427244,1,9.444666957446323,1
42,Colorado,1,2,-2.6199218597047356,1675.3346837647932,100,-1.2526771131502996,43.967673262521295,48.53646345120894,1775.3346837647932,1,1.4635365487910619,0
43,Arizona,1,1,-6.515130275579903,891.4251951928936,1607.9330132787636,1.3922984634216071,46.82256648187071,59.926872347716525,2499.3582084716572,1,9.926872347716525,1
44,Minnesota,1,2,-1.0144282408658074,2025.549030670078,270.69771102571394,1.5998111250561013,45.48652466292638,58.79991022533072,2296.246741695792,1,8.79991022533072,1
45,Mississippi,1,3,6.169981589952589,1305.5085666160578,1105.4981183504508,2.4902515312986497,37.154815848624736,55.19353756960443,2411.0066849665086,1,5.19353756960443,1
46,New Hampshire,1,3,-5.083554582850437,1325.5925773716513,1185.621846212481,2.640176437473892,35.56524934299637,55.50592762089964,2511.2144235841324,1,5.505927620899641,1
47,Michigan,1,1,1.3408709875730749,2398.21106398763,602.1404434577903,0.2689054281480201,37.39493563944322,61.20575101600677,3000.3515074454203,0,11.205751016006772,1
48,Arkansas,1,2,-9.05795423625917,2378.1958889607795,618.2256224810529,3.2354398062667897,55.024569113653655,60.42720872822387,2996.4215114418325,0,10.427208728223867,1
49,South Carolina,1,3,8.23714156399698,1536.954122687002,365.07567261699785,3.3257260163907976,40.63125152683441,65.11280827548231,1902.029795304,0,15.112808275482308,1
50,Oklahoma,1,2,-3.494378571121964,1315.680088326296,1418.3356818057528,4.604237357671644,48.4544307531914,71.04054140401199,2734.0157701320486,0,21.04054140401199,1
51,New Mexico,1,2,0.7154174023783139,1570.0753944634566,1412.1084728698138,-0.4950572007494003,59.260746422448676,64.80271099389134,2982.1838673332704,0,14.802710993891338,1
52,Colorado,0,1,8.61133697249387,0,748.4219756660399,3.6760897941994273,53.98077547907718,53.76241491058679,748.4219756660399,1,3.7624149105867914,1
53,Connecticut,1,3,1.1291431626803399,2021.6092837856133,781.505030118779,2.0272535922610624,39.41305134737046,57.685922764962356,2803.1143139043925,1,7.685922764962356,1
54,Hawaii,1,2,-10.637521793317557,1001.3537442508916,625.3276835111164,0.8312083742294649,45.62134088573884,47.4276726787909,1626.681427762008,1,2.5723273212091016,0
55,North Dakota,1,3,2.127038852261952,2402.934444708041,419.1594503795133,-1.4087867751068592,49.594506197350036,54.687911632672396,2822.0938950875543,1,4.687911632672396,1
56,Maine,1,1,-12.5271540555646,1173.1862171799035,100,5.484087919414284,57.368081321033856,60.209038632352865,1273.1862171799035,0,10.209038632352865,1
57,Louisiana,1,3,-22.76458892436897,476.10303384168094,100,2.6825526295141424,42.277835855873306,43.92584176087382,576.1030338416809,1,6.074158239126177,0
58,Michigan,1,3,-5.38444594186313,1938.6389875269729,453.0132298070929,1.856768128515938,44.422429991866814,51.247910613697755,2391.652217334066,1,1.247910613697755,1
59,Texas,1,1,18.01678151978374,1804.2912129047465,984.8546838630591,5.3026999526131355,39.12430543625755,71.20024820653985,2789.1458967678054,0,21.200248206539854,1
60,Nebraska,1,2,5.965055974796994,1561.6674127682743,100,4.156725749736642,37.11751630396838,60.367690342359886,1661.6674127682743,0,10.367690342359886,1
61,New Jersey,1,2,16.218465962848985,802.1241313653034,819.5264652570622,0.10678866045680491,32.040169501828416,56.35465011258743,1621.6505966223656,1,6.354650112587429,1
62,Florida,0,1,-9.001162048654,0,1489.4208040834528,4.065755635519323,44.948224693151026,55.2835148581979,1489.4208040834528,1,5.283514858197897,1
63,Wisconsin,0,2,-12.738600367419036,0,915.8352204730597,1.2864806309140637,45.91319362417316,42.32832528464681,915.8352204730597,1,7.671674715353191,0
64,Minnesota,1,5,3.8531239059496634,1723.5506939822221,100,1.475710356381999,45.85498130645523,58.351183198094574,1823.5506939822221,1,8.351183198094574,1
65,Nebraska,1,2,13.104884909857256,874.8601627733774,1225.691544901929,3.2136266952059183,56.59376834437997,66.65982810858897,2100.5517076753067,0,16.659828108588968,1
66,Colorado,0,1,1.115758285735895,0,100,2.707317775419802,63.20675309651861,62.96536508334844,100,0,12.965365083348438,1
67,Arkansas,0,1,4.618685358507933,0,100,0.7660353562637705,53.47993495143146,40.70278190019485,100,1,9.29721809980515,0
68,North Carolina,1,5,0.2147427330603231,1123.292149571101,716.2759722847969,1.290978806592321,38.66115917085864,53.49421944917186,1839.568121855898,1,3.494219449171858,1
69,Arkansas,1,5,-3.8148949208787837,716.6185335133993,716.9432548631639,5.589122174941033,39.15054361926306,51.49504030338825,1433.561788376563,1,1.495040303388251,1
70,Texas,1,3,-3.882443233966109,2417.369563749456,1157.937982356386,2.1132610038390687,32.88128474186115,48.508703886007154,3575.3075461058424,1,1.4912961139928456,0
71,Rhode Island,0,2,-1.6231915167107618,0,1677.6094766152087,2.3690334104980035,50.148482599788345,41.32256582114409,1677.6094766152087,1,8.677434178855911,0
72,South Dakota,1,3,-12.786402235469042,417.37097339813727,291.37477357145286,4.847511981850962,49.93684272836129,64.48928342159874,708.7457469695901,0,14.489283421598742,1
73,South Dakota,1,2,-7.53595133856126,2769.8354137049732,1258.9554434272031,2.479647842451477,53.74510982786041,56.02231308008598,4028.7908571321764,1,6.022313080085979,1
74,Iowa,1,2,3.55326402115424,859.0392138436812,1030.59852469226,5.244886081578381,49.879806801576756,66.77597011363781,1889.6377385359413,0,16.77597011363781,1
75,Rhode Island,1,3,0.2433738971533512,1785.2178174922656,544.4856896639892,2.2768789052577825,46.08000674486239,64.49746552536782,2329.703507156255,0,14.497465525367815,1
76,New Mexico,1,1,-8.34342100063103,2271.513598213422,100,-1.7431599133969504,41.49416381821572,51.02502832419449,2371.513598213422,1,1.025028324194487,1
77,Georgia,1,1,6.34258668176237,1406.7704075909462,1203.017487230878,1.3729867870615706,35.821027621978516,57.9218327607841,2609.787894821824,1,7.921832760784099,1
78,California,1,5,-8.399023958953153,2552.4075636077973,829.6953975226152,3.31077277148935,48.105743500242674,54.0770987597266,3382.1029611304125,1,4.077098759726603,1
79,Montana,1,2,-7.071484790601843,1880.1317477156372,2557.9105351086678,3.3069476475868824,57.531677574084306,58.90892472526619,4438.0422828243045,1,8.90892472526619,1
80,Alaska,1,2,5.975388366613813,366.935870540412,508.37614240287303,2.2657592982925823,48.24972853969871,58.829390193952236,875.312012943285,1,8.829390193952236,1
81,Pennsylvania,1,2,14.433826405707782,1786.7705920579872,1680.160846433839,3.337712268407604,42.36328974013555,63.12280222242845,3466.931438491826,0,13.122802222428447,1
82,Georgia,0,2,11.768090638598666,0,1300.3386942059706,1.5849287910375578,39.17799395601082,54.48081731679682,1300.3386942059706,1,4.4808173167968235,1
83,Iowa,0,2,0.48832773318483064,0,100,2.0450533985140393,46.23522266167807,43.08145301579219,100,1,6.918546984207808,0
84,Idaho,1,1,-4.004517374793152,1314.378410555977,636.5165152839235,1.9861495022755704,41.22757458274546,50.14806727706158,1950.8949258399007,1,0.1480672770615783,1
85,Maryland,1,3,-1.0565751922788487,1431.9958172685838,1092.7324919906396,0.18562730375792102,44.928686869829775,56.14908413967142,2524.7283092592234,1,6.149084139671423,1
86,West Virginia,1,2,7.268552782220676,369.4271031861265,1076.5890158818615,0.868386118565458,34.00817862628319,57.33981732864037,1446.016119067988,1,7.339817328640372,1
87,Georgia,1,2,3.0603773400037424,1966.0561040520784,693.7191891710503,1.871137565669277,45.59531068549976,45.97067364965258,2659.7752932231288,1,4.029326350347418,0
88,Montana,1,1,0.5061442776883852,1219.4693664556726,198.3456298633521,4.625332907613545,42.92983085729045,63.8602643525507,1417.8149963190247,0,13.8602643525507,1
89,Arkansas,1,5,-4.564045888321673,1348.204348666657,410.54386508251406,4.730870207366048,42.189670297024044,56.75889480769925,1758.748213749171,1,6.758894807699249,1
90,Vermont,1,5,-1.2968725981691807,200,397.21063821348616,3.2551290376413684,34.68132693807037,52.904431710463776,597.2106382134862,1,2.9044317104637756,1
91,Utah,1,2,-0.9408159236620628,1449.6634001579728,100,3.035650303840653,41.97173295003146,57.5774204249567,1549.6634001579728,1,7.577420424956699,1
92,Rhode Island,0,2,-21.180961921662433,0,1310.3483608420886,2.541761436850662,28.506757087511055,37.580434427517325,1310.3483608420886,0,12.419565572482675,0
93,New York,1,1,-5.752258884005966,3226.9299511405356,446.14883495811006,1.751354928569548,49.5536909976011,62.799710464449724,3673.0787860986457,0,12.799710464449724,1
94,Maine,0,1,2.2908079620650494,0,759.4891932281147,0.3445504384330802,55.4551668010422,49.501696628827595,759.4891932281147,1,0.49830337117240475,0
95,Alabama,1,4,4.879834749634881,3391.095274134892,1287.6689591548857,2.5854218706161953,41.987601757433765,54.63938539200111,4678.764233289778,1,4.63938539200111,1
96,Kansas,1,2,-8.876219903125817,2501.2052283180274,231.85656438171907,3.7400904329120594,45.01253461576509,47.47231561789989,2733.0617926997465,1,2.5276843821001123,0
97,Montana,1,1,-3.0073351682711875,1417.5149872182526,679.2420087403359,0.7373716957602834,54.97422657647572,55.90876969951971,2096.7569959585885,1,5.908769699519709,1
98,Maryland,1,1,11.138654983640654,833.1881146367047,1299.3549190709027,1.156945570215067,27.733413359013262,58.569663880754824,2132.5430337076073,1,8.569663880754824,1
99,Indiana,0,1,2.1428690778420405,0,971.0172661421464,1.3820938196491812,46.49855183820382,58.67159634618804,971.0172661421464,1,8.67159634618804,1
100,Nevada,1,3,3.345946517580777,1261.8036957261602,775.9684586947715,2.616349748893896,44.2186967092026,55.51804190768479,2037.7721544209317,1,5.51804190768479,1
101,Pennsylvania,1,2,5.842446850487179,2123.4104859907684,1292.3253300073966,0.76870312829394,43.879114579152215,66.38713796838297,3415.735815998165,0,16.387137968382973,1
102,New York,1,1,1.343041356699595,1369.85895059692,813.745412207834,7.132602231292516,54.61322243132518,66.29069235142529,2183.604362804754,0,16.290692351425292,1
103,Oklahoma,1,1,-8.421087989605823,2210.681341238367,2551.9714950722964,5.138677369790528,45.555223294092464,60.543377343756944,4762.652836310664,0,10.543377343756944,1
104,Tennessee,1,3,8.159157840167582,2241.3909743164154,1468.4216336004824,3.2761129581107697,41.956356238676896,58.37114702357431,3709.812607916898,1,8.37114702357431,1
105,Georgia,1,1,-1.3167172785261545,2102.1443685411123,1070.0077660608617,2.838392049443515,48.28899243629937,60.33633425200119,3172.152134601974,0,10.336334252001187,1
106,New Jersey,1,1,-1.861662127766861,641.049570423162,717.5079360876011,2.3594658941353392,46.825400182115196,56.8229826756711,1358.5575065107632,1,6.822982675671099,1
107,Virginia,1,2,3.116252675330359,1844.852997159992,643.4221756198058,5.435287359556154,44.02808100912653,62.71336393699298,2488.2751727797977,0,12.713363936992977,1
108,New Jersey,1,2,-5.405860215322341,641.8186456938628,2048.9105669296023,1.7530999146369646,42.9624203290384,66.19468241177618,2690.729212623465,0,16.194682411776185,1
109,Alaska,0,3,-12.57493686011585,0,1344.1113920232633,1.7650135523814228,39.71568623509424,38.960435707019734,1344.1113920232633,0,11.039564292980266,0
110,Florida,1,2,-8.812749262942479,1933.0747119571074,526.0589948947131,1.9881796823329407,42.615553225368295,63.734886095355655,2459.1337068518205,0,13.734886095355655,1
111,Wyoming,1,1,-2.371259526112246,1939.7290393729834,1414.5266872952238,3.878411063609885,48.98748108525231,66.18560068350519,3354.255726668207,0,16.185600683505186,1
112,Delaware,0,1,2.376400739737734,0,1703.1284411351107,1.6789916878080655,50.84661976623398,54.0070692365208,1703.1284411351107,1,4.007069236520799,1
113,Florida,0,3,4.0772473626137185,0,1077.9905967284535,3.2783768894705547,37.44223806553475,49.73818556004898,1077.9905967284535,1,0.26181443995101716,0
114,Kentucky,1,2,-2.786507774665605,3685.63201591055,715.6942651419935,1.0907652583852117,39.62235619862915,53.628838360672816,4401.326281052543,1,3.628838360672816,1
115,New Jersey,1,4,14.848867472805452,558.2168720411573,1509.9992629148653,0.3398252432801827,42.83299129933197,60.57845799869349,2068.216134956023,0,10.578457998693487,1
116,Vermont,1,3,1.8555349112826558,1209.6653680928669,491.67095417213125,2.3261758013488807,44.76624362162008,51.997732727593316,1701.3363222649982,1,1.9977327275933163,1
117,Minnesota,1,1,-4.967106292914476,3474.705027906727,100,0.551001435781171,36.915403706080596,46.99323283337026,3574.705027906727,1,3.006767166629743,0
118,Florida,1,2,-5.123792580304342,662.5385327113052,539.2219608092605,-1.641225038501355,45.99401987042307,55.7176408744771,1201.7604935205657,1,5.717640874477098,1
119,Hawaii,0,3,1.8439496748339685,0,550.5507438894616,3.91177247255336,56.89281066128368,61.23224099817175,550.5507438894616,0,11.232240998171747,1
120,Connecticut,0,2,-17.453812309062908,0,504.12563707376154,2.519842798194364,28.794495291998835,37.74014240109627,504.12563707376154,0,12.259857598903729,0
121,Indiana,1,2,-7.929670319181218,484.32408659145597,156.0057971062704,4.196217799864241,29.893518635575816,58.69342308568813,640.3298836977264,1,8.693423085688131,1
122,North Carolina,1,3,-8.37689235617108,1103.5660830038205,917.5795460865385,2.1715668343929706,46.13456062460375,49.89490040511808,2021.1456290903589,1,0.10509959488192067,0
123,Florida,1,2,-7.725898836083569,2938.980747145646,780.0784199314752,3.8265077451493994,48.633846813725754,55.58986615831275,3719.0591670771214,1,5.589866158312752,1
124,North Carolina,1,3,10.03011052769845,315.0977075596295,1143.0075454556859,-0.7023437973923117,52.44084327369595,59.092496493707515,1458.1052530153154,1,9.092496493707515,1
125,Utah,1,3,-10.556317639880865,477.3910020088417,768.9889396546105,2.93329545656611,53.252342533100396,48.965333983621235,1246.3799416634522,1,1.0346660163787647,0
126,Idaho,1,1,-2.5802756659623793,1487.787248192907,100,0.1419304114200528,52.188074473944354,64.18886846311304,1587.787248192907,0,14.188868463113039,1
127,Colorado,1,2,-4.883685387899566,541.3225189731445,939.5415748271475,1.3483233123011424,34.784877714631165,56.1574057861396,1480.864093800292,1,6.1574057861395985,1
128,Nevada,0,1,5.406018602774918,0,1563.4460659394122,1.0299098929808,52.92052284971923,52.80408093291264,1563.4460659394122,1,2.8040809329126404,1
129,West Virginia,1,1,6.187441153713352,951.5286830582627,1407.2038129729754,3.4134849121604676,45.55248193947786,60.86831912761474,2358.732496031238,0,10.86831912761474,1
130,South Carolina,0,1,1.576038667486107,0,205.4407120315002,2.297773324016714,47.490537085564725,55.512608372505746,205.4407120315002,1,5.5126083725057455,1
131,Montana,1,4,5.711461846835739,425.059557518744,712.0613590898893,1.2658431523281153,39.0763174288029,55.32843124640723,1137.1209166086333,1,5.328431246407227,1
132,North Carolina,1,3,-5.591615131302493,200,590.4898243021394,2.6582378517071468,46.66078487041828,57.83755032729391,790.4898243021394,1,7.837550327293911,1
133,West Virginia,1,1,-2.658917418002957,835.9345733096195,100,0.6999525786714467,57.830942572142774,57.32492953255167,935.9345733096195,1,7.324929532551671,1
134,Missouri,1,3,5.316958746331373,3326.629644040935,414.23596606106014,3.489166335721329,43.106692020088246,62.04365715102058,3740.865610101995,0,12.043657151020582,1
135,South Carolina,1,3,-9.598674989725215,1610.0741784225877,616.5967686312321,0.8620483206789376,24.874750561639043,54.978177855245534,2226.67094705382,1,4.978177855245534,1
136,Michigan,1,1,-9.210992554102083,1700.7036103787186,650.4705650868057,-1.0276801601295178,42.817877621353844,49.429046229751656,2351.174175465524,1,0.5709537702483445,0
137,Minnesota,1,2,3.4847341905960127,200,1029.2331549915168,-0.7959345270827911,34.227396079568635,51.63468024162941,1229.2331549915168,1,1.634680241629411,1
138,Connecticut,0,3,-5.243128595321681,0,1405.3570124240025,2.212188875457472,39.64402995329796,36.562841671715404,1405.3570124240025,0,13.437158328284596,0
139,Michigan,1,1,-6.918873673684161,1141.3773831903454,1130.1543774286747,0.21923893418426,43.11961995804877,51.825725036602535,2271.53176061902,1,1.8257250366025346,1
140,Maryland,1,1,5.903801169685012,1411.7951098657109,1051.0817666824066,3.1024841148384743,46.12762411430924,71.70038270847587,2462.8768765481173,0,21.70038270847587,1
141,North Dakota,1,1,-10.292523651703473,2463.7074169845346,1233.6768667944477,3.595226658400364,48.53302955529472,52.10915657779261,3697.3842837789825,1,2.1091565777926107,1
142,Missouri,1,2,-0.8999038980028224,2751.562755832715,622.6824693532753,2.6594663565513734,32.21624174688347,51.23032731676968,3374.2452251859904,1,1.2303273167696815,1
143,Wyoming,0,1,8.10365859490016,0,748.7500409423803,1.589328065656262,24.28335722660492,50.16382992400353,748.7500409423803,1,0.16382992400352947,1
144,Missouri,1,1,-10.5709288538704,2205.5478487684304,1051.7032596108256,3.792210671893577,48.44243032470491,40.6806229280526,3257.251108379256,1,9.3193770719474,0
145,Rhode Island,1,1,-6.005957033339616,1782.7001666106082,1950.5641768359699,0.314432075225912,46.43422860376616,54.09689524907263,3733.264343446578,1,4.096895249072631,1
146,North Carolina,1,2,3.796965521631689,1707.6662677000395,798.7552418144439,1.7774910259380923,48.31550603107608,52.48079251554292,2506.4215095144837,1,2.480792515542923,1
147,Vermont,0,2,-12.909788907128043,0,100,7.0679178693135825,50.14763279288025,52.78421878124964,100,1,2.784218781249642,1
148,Washington,1,4,-1.4556516728773647,3170.7875117326657,759.3856326847184,1.9545008015353598,56.7477875710062,62.982280853963104,3930.1731444173843,0,12.982280853963104,1
149,Nebraska,1,1,-0.9534161947937961,1957.0891886745965,1802.483338061386,3.1530612760455767,46.858906262904455,53.47868214614777,3759.572526735982,1,3.4786821461477686,1
150,Wyoming,1,1,-6.360199647546147,665.4852509807963,399.26991049797346,0.29318863226060676,42.73132810307295,55.74563732592081,1064.7551614787699,1,5.745637325920811,1
151,Nevada,0,1,-0.37346770325046214,0,403.7851915826628,3.053372500031167,51.82407634532188,46.806035759210125,403.7851915826628,1,3.1939642407898745,0
152,South Carolina,1,1,-2.768937227586654,1325.7850426551236,794.1988862006722,2.253486545592752,30.518100182635145,64.73963718840221,2119.983928855796,0,14.739637188402213,1
153,New Hampshire,1,5,-4.837374440891547,1425.5664395181348,952.5950307358434,0.9153655790414914,47.87712231633398,52.88353178165431,2378.161470253978,1,2.8835317816543125,1
154,Hawaii,1,1,1.106631701208283,1624.6410901626843,391.24168481573605,1.4305077192336286,53.76398365615452,55.166527761229425,2015.8827749784205,1,5.166527761229425,1
155,Vermont,1,1,-0.5262962563323467,1338.9490716167247,696.9441371684388,0.3024104585448837,53.33788076940501,54.081671507248615,2035.8932087851636,1,4.081671507248615,1
156,Missouri,1,5,-1.2569984384951687,791.0122801207058,798.7060712056259,-0.8281937106922368,41.01334292150213,50.276433282192244,1589.7183513263317,1,0.2764332821922437,1
157,Delaware,1,1,1.2032972400867534,1789.993520473933,277.26843353667084,1.4874028300298203,57.54193679380617,57.491875223513425,2067.261954010604,1,7.491875223513425,1
158,Utah,0,1,-9.863525500858225,0,448.92173451411855,4.067475888337392,57.249192209649294,56.55601379547746,448.92173451411855,1,6.556013795477462,1
159,Massachusetts,1,2,-0.19287567661424265,603.2003947820098,979.9379369269342,2.8376033729111727,37.19581671629785,54.52035013251885,1583.138331708944,1,4.52035013251885,1
160,Tennessee,0,1,-6.754765037298365,0,957.4293624688422,1.850373034549672,42.65617883801987,46.06288187093318,957.4293624688422,1,3.9371181290668176,0
161,Illinois,1,1,-0.20402511652875777,2996.495422606138,300.0363717442767,3.536230347487998,45.72595404272654,60.942646367491776,3296.531794350415,0,10.942646367491776,1
162,Rhode Island,1,1,15.234330433109184,1320.6359381754337,100,4.334973178392372,35.29751004860542,66.42338988171657,1420.6359381754337,0,16.423389881716574,1
163,Virginia,1,3,-0.8591992676789549,1413.0353989270745,1305.7362306805264,0.5830367715615603,53.584333109453276,57.594361193987986,2718.771629607601,1,7.594361193987986,1
164,West Virginia,1,3,-2.4473739756725212,1219.4833122033142,1442.5086183248013,4.15165296219463,56.6283578373119,52.25017333842153,2661.9919305281155,1,2.2501733384215328,1
165,Idaho,1,2,10.524091063776005,2170.3067980696474,1884.0326231947117,2.2914723071274334,52.26844252055829,65.00740893260318,4054.339421264359,0,15.007408932603184,1
166,Arkansas,1,1,0.7088681614165357,1665.0208086361004,1019.4991800976333,2.4320755366487754,55.75611806822179,59.240143381048505,2684.5199887337335,1,9.240143381048505,1
167,North Carolina,1,2,-12.268525441246213,2948.4229241923917,100,1.7676152462152277,46.99298410633466,51.31591738770721,3048.4229241923917,1,1.3159173877072092,1
168,South Carolina,1,1,-2.1755261884843686,1511.5536850954018,275.9868503598765,2.496874977460034,39.5337265562949,54.36191504840366,1787.5405354552781,1,4.3619150484036595,1
169,Maryland,0,1,-11.138225670766795,0,100,-0.31601415706270064,50.66941530258454,43.933933207028936,100,1,6.066066792971064,0
170,Connecticut,1,2,-4.128789770479135,1661.3808704785815,787.0489378131889,1.5112490189614238,47.25037930278567,48.11492591127462,2448.4298082917703,1,1.885074088725382,0
171,Nevada,1,4,10.232866692671802,527.3592814001203,1300.0280173135916,2.8404320549631548,51.670214321763034,47.65572896097457,1827.387298713712,1,2.344271039025429,0
172,New Mexico,1,1,-13.014811294767538,1513.307430391568,100,-0.8753598807955201,46.6974071961155,53.69014651951156,1613.307430391568,1,3.6901465195115577,1
173,North Dakota,1,2,-7.260858734711718,1378.4258003143764,564.3253727590086,4.247009455282441,38.727183869231155,56.782734995812156,1942.751173073385,1,6.782734995812156,1
174,Alabama,1,3,9.83770413130542,1524.8413020325536,446.7976323130556,2.4473054933484333,52.76952922986051,68.6407671392787,1971.6389343456092,0,18.640767139278694,1
175,Delaware,1,3,2.8909603094810876,1713.4487700151305,100.37422279077134,1.1859130821901374,39.58226159228661,56.174881295520784,1813.8229928059018,1,6.174881295520784,1
176,North Dakota,1,1,10.12318063023258,813.9976375089838,336.5696295174959,2.2459881137838438,38.10451252408608,67.45874860449216,1150.5672670264796,0,17.458748604492158,1
177,Wyoming,1,2,5.421372312828692,1757.427331507589,905.2217121351789,-1.1363565625064016,47.77967470184813,56.63184537011394,2662.649043642768,1,6.631845370113943,1
178,Illinois,1,2,10.194675800135222,2253.560844589652,758.9705967115735,-0.37748944934202333,55.398867820429814,63.84367491383175,3012.5314413012256,0,13.843674913831748,1
179,Illinois,1,3,1.923099451259236,241.36665027059962,755.5762902846102,1.6494618323562025,40.50089206206869,59.993601199583736,996.9429405552098,1,9.993601199583736,1
180,Alabama,1,1,3.8372434600359964,1381.2201035059634,100,1.717976093526814,42.067555932453644,57.65357250708462,1481.2201035059634,1,7.653572507084618,1
181,Rhode Island,1,3,-8.175200979045664,990.4601683846877,527.8949034998097,2.1590802530396815,46.50421871682774,55.99724755941465,1518.3550718844974,1,5.997247559414653,1
182,South Carolina,1,1,-0.5438672861308314,1642.744001023474,828.6895001539029,-2.4339306294328478,42.05605894093799,50.79562693260953,2471.433501177377,1,0.7956269326095295,1
183,Texas,1,3,-2.6019705380265195,523.5380586305341,268.04182830690854,3.1770185014539454,39.30110733449887,56.40802172633534,791.5798869374427,1,6.408021726335342,1
184,Maine,1,3,-8.597829008173123,3558.0318139499786,1429.730835220871,0.2239116738545086,47.24978306863469,51.334592509321205,4987.76264917085,1,1.3345925093212045,1
185,Pennsylvania,1,1,3.602306730202252,200,947.0392079809857,-1.8893862289437098,39.123426694132625,43.99987576743979,1147.0392079809858,1,6.000124232560211,0
186,West Virginia,0,1,5.528188888018188,0,410.0035314347073,2.738100018217674,47.785841674237574,56.89674129183996,410.0035314347073,1,6.896741291839959,1
187,Maine,0,2,3.1040791826165224,0,1050.5868210087099,2.978324371143429,30.5437761752911,59.3834645147292,1050.5868210087099,1,9.383464514729198,1
188,South Carolina,1,4,3.7643343667381597,1037.927145199228,1236.9548936215326,2.552666043583365,45.351993337237836,48.369349544248934,2274.8820388207605,1,1.6306504557510664,0
189,Washington,0,2,-7.8963439856966025,0,491.89228508590685,3.790609699622619,29.63030829644098,43.85982927072167,491.89228508590685,1,6.140170729278331,0
190,Maryland,1,2,-1.436269787297913,2254.4665213596822,1096.5226168227696,2.3369683547893128,47.41922869986335,59.80960561441142,3350.989138182452,1,9.809605614411417,1
191,Tennessee,1,2,-10.371647159990511,2473.401930458941,1479.1098088692288,0.21896953185467183,48.1453698127769,58.00342430535429,3952.51173932817,1,8.003424305354287,1
192,Mississippi,0,1,4.435215753321824,0,982.7353494385409,-0.11774302161833772,60.4279325950631,42.15025764927355,982.7353494385409,1,7.849742350726451,0
193,Georgia,1,2,-19.290604132561636,215.67936237128401,542.3176496555789,2.9228871470346647,34.92317852274374,45.83625513163631,757.9970120268629,1,4.163744868363693,0
194,Arkansas,0,2,-19.540062931579627,0,733.2026263611787,2.6455175073246333,47.65305897638627,36.75078436013228,733.2026263611787,0,13.249215639867721,0
195,Michigan,1,3,4.76712382168488,1371.6802086873113,1056.8997128741294,1.3557110142452617,47.08452194254421,64.64300062187618,2428.5799215614406,0,14.643000621876183,1
196,Indiana,1,3,16.589625103287602,1653.96484324107,1237.0133960663798,2.256609187571419,47.573639437304365,60.46015768410347,2890.9782393074497,0,10.460157684103471,1
197,Arkansas,1,3,1.3048570860261943,2101.367988355548,657.9831274037977,0.5167793856628324,39.584147301171356,48.734780895995634,2759.3511157593457,1,1.265219104004366,0
198,Nevada,0,1,0.30447663115004114,0,1200.7038113765327,3.582967197247405,47.541728107576134,43.74861333543675,1200.7038113765327,1,6.251386664563249,0
199,Idaho,1,4,-8.286381772352827,646.5873549217027,1584.7230235388745,0.37898307584259583,29.710970640029192,45.506377964693186,2231.3103784605773,1,4.493622035306814,0
200,Connecticut,1,1,1.007575595460162,813.3948994289905,745.4251729897821,1.3304567358243167,36.985088309374675,57.93259576764927,1558.8200724187727,1,7.932595767649268,1
201,Illinois,1,1,4.6597691921072215,1883.955626301796,100,2.4412499970844563,32.21337870712094,68.30131089627827,1983.955626301796,0,18.301310896278267,1
202,South Carolina,1,3,5.975282473002272,2503.7603522059803,1488.36421692675,2.090196724691032,46.19123406642929,54.977996774774745,3992.1245691327304,1,4.977996774774745,1
203,Hawaii,0,4,0.5469580175055846,0,1187.6751827684925,2.835584014392462,50.21796098853044,45.35528665674502,1187.6751827684925,1,4.644713343254978,0
204,New Jersey,1,1,-0.03417591239146732,1945.9600797001845,947.576939868031,-0.49016872277135537,39.90846308802347,49.72870242537756,2893.5370195682153,1,0.2712975746224373,0
205,Wisconsin,1,2,-1.7060367076313916,1570.4199390244985,687.9264909058764,-2.248832303827259,45.310662944552114,57.07633019608075,2258.346429930375,1,7.076330196080747,1
206,Indiana,1,2,1.6627542942656846,903.9576899599458,823.4119361958843,5.155081778746066,45.64312181741134,58.621329620395294,1727.3696261558302,1,8.621329620395294,1
207,Alaska,1,4,-11.2893661545237,434.14067080798577,320.54690009230404,4.345331836221682,34.44278198317788,54.01811105431535,754.6875709002898,1,4.018111054315348,1
208,New Mexico,0,1,9.475730405149971,0,630.9212242905494,3.2877745178122924,39.42841752214314,57.86617844625429,630.9212242905494,1,7.866178446254288,1
209,Ohio,1,1,1.0207336345803248,1468.6460268033234,378.3406489946336,0.47011722895956565,37.31744303111071,60.52449139673321,1846.986675797957,0,10.524491396733211,1
210,Nebraska,1,2,-5.49608758925414,2388.04586960082,100,3.926097670441586,48.840378435917074,63.31962468303415,2488.04586960082,0,13.31962468303415,1
211,Kansas,1,1,-4.180460621038469,2276.1191725888157,1510.8267137535827,-0.03044118335392687,39.27890881661131,58.89255945367082,3786.9458863423984,1,8.89255945367082,1
212,Nevada,1,2,-6.285803700033212,2118.2307789075526,275.96504811983425,3.593045941560481,35.492423632870555,61.40431635730679,2394.1958270273867,0,11.40431635730679,1
213,Alaska,1,1,-5.546157473570943,1595.445309122851,100,0.34685222703131213,46.78636452062505,55.57586784377092,1695.445309122851,1,5.575867843770922,1
214,South Dakota,0,2,0.4965000007429564,0,1852.9340161132563,2.6453555682815204,42.395228368277834,47.25541743645182,1852.9340161132563,1,2.744582563548178,0
215,Oklahoma,1,1,1.9943547525680632,1899.4233371477508,100,0.2087362983395855,33.757971680756576,57.84365306918978,1999.4233371477508,1,7.843653069189777,1
216,Tennessee,1,3,-11.432499637126476,1350.964236308218,100,1.6917334247259255,41.346404045333244,46.84630851064641,1450.964236308218,1,3.153691489353591,0
217,West Virginia,1,3,0.8931107630500161,413.21766425965484,939.650753491863,1.0060582928836606,44.27426966047875,47.21215984139225,1352.8684177515179,1,2.78784015860775,0
218,Nevada,1,1,-0.8739088436815206,2453.926320784495,1134.2547027711528,-0.8596615442024493,54.794706808717415,50.38195838620133,3588.1810235556477,1,0.38195838620133316,1
219,Pennsylvania,1,2,2.5231806660374123,2440.5870357765816,1493.1662509898051,1.9562565422359712,34.66328974463798,58.75673686702561,3933.7532867663867,1,8.756736867025609,1
220,South Dakota,1,2,-0.9229685428954677,2236.08661336707,799.4943026905096,0.41291223569990687,40.08978366446085,63.499801534142705,3035.58091605758,0,13.499801534142705,1
221,Michigan,1,1,7.740786557919626,932.9509217855787,100,4.209384000686336,36.25325174117652,54.06986868408269,1032.9509217855787,1,4.069868684082692,1
222,New York,0,1,-10.693891617516899,0,1668.9848941586583,1.2959568012415386,44.6350192556213,41.6018357981424,1668.9848941586583,1,8.398164201857597,0
223,North Dakota,1,3,-16.895901329489387,1488.9939739478223,738.7238777460672,5.109093992182018,48.12449225781381,57.31099368682429,2227.7178516938893,1,7.31099368682429,1
224,Arkansas,1,1,8.24328270262386,909.853842353225,360.6916776130157,1.627273191345466,44.33592082007705,61.843960887345375,1270.5455199662406,0,11.843960887345375,1
225,Rhode Island,1,5,-1.2619568346434942,1715.2814259213196,794.2156545314243,-0.03801843636615221,36.39819679833883,48.552316512251124,2509.497080452744,1,1.4476834877488756,0
226,Tennessee,1,1,7.463484475601455,2174.542225664297,1488.620809991558,3.6228304364522064,46.73883211704849,64.44899457135719,3663.163035655855,0,14.44899457135719,1
227,Idaho,1,2,15.47246930579959,1040.4577289837955,322.5548133079484,-2.405708583869593,32.243601778048145,51.25468498302963,1363.012542291744,1,1.2546849830296267,1
228,Arizona,1,1,1.6226858823723085,2498.5927106857844,1889.3116028721272,5.593141613816945,31.37335254987606,61.68067674327481,4387.904313557911,0,11.680676743274809,1
229,Alabama,1,2,6.7502483335137935,1192.3800818460927,789.5690011031502,1.141954526539803,48.2179653264304,60.1401524306044,1981.949082949243,0,10.140152430604402,1
230,Connecticut,0,3,-7.53061398506509,0,892.1358368390067,6.049950795057475,44.983547471753056,47.86504000268391,892.1358368390067,1,2.1349599973160878,0
231,Delaware,1,2,13.339364560514483,582.483529948283,892.3425228849694,5.347592479611247,40.02837946470041,65.47219349266116,1474.8260528332526,0,15.472193492661162,1
232,Arizona,1,1,-4.446938597423383,377.1393401894991,932.8301881121829,0.4292598887084704,42.69625698766199,45.256171061157545,1309.969528301682,1,4.743828938842455,0
233,Arizona,1,3,3.0597947857572025,200,954.3904790558831,3.238580685926709,35.261019144628605,50.9411077927342,1154.3904790558831,1,0.9411077927342006,1
234,Idaho,0,1,-1.696154249292676,0,1218.0321707316566,1.660540901383122,60.71703508170981,46.987889222993786,1218.0321707316566,1,3.012110777006214,0
235,Texas,1,1,0.8601693899617586,1645.725166640846,778.0763784988155,2.32207107895892,42.60817317550777,54.29622171490459,2423.8015451396614,1,4.29622171490459,1
236,Wyoming,1,3,1.3541731463470628,1346.5307708000644,127.95004493183262,-1.1125622521969398,39.44481844913387,56.22535176160585,1474.480815731897,1,6.22535176160585,1
237,Georgia,0,2,20.327464903980424,0,100,2.908529423369618,49.32725080921847,63.20437445294765,100,0,13.204374452947647,1
238,Wyoming,1,4,6.6153544358247665,1483.2694404445951,914.8454638002862,5.593280749437569,40.95608416412571,61.36726092136578,2398.1149042448815,0,11.367260921365776,1
239,Arkansas,1,2,-0.3757660635943128,1114.0234927681804,886.4379439873101,5.076661892780632,43.02535911638875,58.22748062045545,2000.4614367554905,1,8.227480620455452,1
240,Tennessee,1,1,5.50575669195543,1337.5299570548195,100,1.2111620432276053,40.97849903164744,62.532288311338164,1437.5299570548195,0,12.532288311338164,1
241,Iowa,1,1,-4.5880871013678926,2093.6414978743724,1686.844692368553,2.7761861594841326,63.55671671876958,59.59525478974746,3780.4861902429257,1,9.595254789747457,1
242,Vermont,0,5,0.46417597572658015,0,639.85949294718,0.7315489363775238,54.59155338557524,47.85578705715181,639.85949294718,1,2.144212942848192,0
243,New Jersey,1,2,1.051669415156923,1911.666362612578,371.39808687332953,4.934204090479547,46.48980019370431,61.553124124094715,2283.0644494859075,0,11.553124124094715,1
244,North Dakota,1,1,8.051856309346087,537.2437197101888,1241.1809388218167,1.7357640065964524,50.48457165734579,64.60956214124555,1778.4246585320054,0,14.609562141245547,1
245,South Dakota,1,4,11.249204520523552,1792.1424671771283,201.41095672798167,3.3894485073938743,44.77627506966041,58.42913257852651,1993.5534239051099,1,8.429132578526513,1
246,Ohio,1,2,-6.637862661238672,542.2443772751127,781.3678005406915,1.056609871028727,28.493639884960036,43.415165024462645,1323.6121778158042,1,6.584834975537355,0
247,Ohio,1,4,-12.206366422905935,622.650265425638,618.7363395022342,2.0299808030837725,31.825896248496967,48.912964568107405,1241.3866049278722,1,1.0870354318925948,0
248,Mississippi,1,1,-6.98618441859175,2366.8054436253547,753.33121371102,3.618332695332289,36.53973858181476,53.163560391025534,3120.136657336375,1,3.163560391025534,1
249,Kentucky,1,5,-13.531389706284017,200,1443.8322181755718,2.7106364631647732,52.450857577778685,48.765917295491725,1643.8322181755718,1,1.2340827045082747,0
250,Indiana,0,3,-10.041345149834859,0,804.1390534951746,4.378009374904012,45.86915158675806,49.609026631266225,804.1390534951746,1,0.39097336873377486,0
251,Pennsylvania,1,2,-6.546797687804256,1205.8371970213068,670.2154913125347,-0.9567719303644968,47.04665839353136,48.52578944756127,1876.0526883338416,1,1.474210552438727,0
252,Mississippi,0,2,-9.796449087623692,0,918.9154783857872,4.594022138740993,43.0282601883381,55.813554989989015,918.9154783857872,1,5.813554989989015,1
253,Maryland,1,2,0.36147645447620863,1915.143318446553,912.3086114260374,-1.4872011219591297,52.99823307744456,54.20080165225188,2827.4519298725904,1,4.200801652251883,1
254,Nebraska,1,1,-2.723503509776193,1479.3812579981259,764.5331955970189,1.3535538663579083,44.424879690473816,60.110768582449275,2243.9144535951446,0,10.110768582449275,1
255,North Carolina,1,3,-1.4213231239176656,2396.154989176391,100,1.6323127283174688,45.87630538771434,52.47739950026775,2496.154989176391,1,2.477399500267751,1
256,Vermont,1,1,-0.34450593590336587,470.86175230971844,541.6556294376774,4.908884072637909,43.57962239113783,69.99573679407185,1012.5173817473958,0,19.995736794071846,1
257,Nevada,1,4,5.23691909573035,2438.147536912584,414.97556550301044,2.6591218875975087,39.60165234778978,56.6372825681304,2853.1231024155945,1,6.637282568130402,1
258,Michigan,1,2,6.205573420901522,866.6759152561302,546.4154677492509,3.7542323936354642,38.776381736747936,58.398255378112104,1413.091383005381,1,8.398255378112104,1
259,Utah,0,2,-9.70806590492602,0,583.6541117167301,1.4242467261276577,37.021196843807246,46.591290747229735,583.6541117167301,1,3.408709252770265,0
260,North Carolina,1,1,-5.984492213520297,810.9841606181822,180.2840189402267,2.915060668713518,44.75058880524947,49.18845709567778,991.2681795584089,1,0.8115429043222235,0
261,Alabama,1,1,-10.511137290056059,2282.7762348717424,1115.187911792271,5.962560505680755,46.775542919354855,56.44748382079371,3397.9641466640132,1,6.447483820793707,1
262,South Carolina,1,1,5.456159737356924,1012.7905015153776,1473.7722959138723,3.545890979699294,41.18486779620276,59.50047334202905,2486.56279742925,1,9.500473342029053,1
263,California,1,1,-7.785303038530827,1709.9530490374023,1603.269427312238,2.0406441092717844,34.42224546668351,59.17045486472938,3313.22247634964,1,9.170454864729379,1
264,Colorado,1,1,-4.795440257462946,1764.6567625053358,1086.1949397437456,2.8496549100769135,53.33237269122373,60.94289329792664,2850.8517022490814,0,10.942893297926638,1
265,Delaware,1,1,2.006530933439185,1383.5587922267723,100,4.405514651017423,50.40169684315919,65.56184249243672,1483.5587922267723,0,15.561842492436725,1
266,Washington,1,1,-9.852407864949418,863.8111995939386,466.76224195525896,3.2417513246592926,49.12954465075092,57.52174663805273,1330.5734415491975,1,7.521746638052733,1
267,Idaho,1,4,-6.951078276851678,2248.7790647741012,100,1.7021905013180816,53.12608971960216,52.5774849405228,2348.7790647741012,1,2.577484940522801,1
268,New Hampshire,1,1,-8.505427459235209,585.4045412387478,1232.534801348141,0.2797855214625202,41.25885148797202,46.18004817206473,1817.9393425868889,1,3.81995182793527,0
269,Kansas,0,3,-9.608669540684192,0,198.44516513322083,0.9846263031424547,46.79681383024564,46.265600243472186,198.44516513322083,1,3.7343997565278144,0
270,Utah,1,1,1.7150692463201929,1435.152947196086,906.3997059261065,5.000738709518969,37.793745667143995,57.97089808130997,2341.5526531221926,1,7.970898081309969,1
271,Ohio,1,2,-3.6605435502039683,2279.803481665529,433.0939150537473,3.007164671774597,33.3585358332127,47.6477747902072,2712.8973967192765,1,2.352225209792799,0
272,Virginia,0,1,9.579039743927327,0,1430.7730339265263,-0.39151577546500427,45.67081606129986,51.903260334609655,1430.7730339265263,1,1.903260334609655,1
273,Georgia,1,1,-2.3104735790367874,1143.0557549696562,457.4551647498256,1.4168872809883677,41.62137166809848,60.3495141186511,1600.5109197194818,0,10.3495141186511,1
274,Wyoming,1,4,-8.517630622969252,1727.60775450746,513.7889265646911,4.67037248122041,46.24998796562691,60.97709516517933,2241.3966810721513,0,10.977095165179328,1
275,Indiana,0,2,14.69008094782806,0,773.1261396858364,-0.9014072496029346,52.457994913002054,53.67779598524875,773.1261396858364,1,3.67779598524875,1
276,New Mexico,1,3,-7.936552099916835,846.5075934544172,1713.2410618012477,3.311943665358789,32.1766409118036,55.91463232938418,2559.7486552556647,1,5.914632329384183,1
277,North Dakota,1,2,-4.490257307626258,2464.7728561169206,100,5.640337318590913,42.98430362546586,53.244646992345935,2564.7728561169206,1,3.2446469923459347,1
278,Florida,1,3,7.843818586283199,200,954.147133148158,0.9640864578044324,29.374288902819636,49.62729797621951,1154.147133148158,1,0.3727020237804908,0
279,Oregon,1,2,13.852228361467517,200,1214.9476329134097,2.377728761528276,63.097390959772824,63.06706912523952,1414.9476329134097,0,13.06706912523952,1
280,North Dakota,0,2,-9.652632491746099,0,821.1440409839751,2.184617815108002,47.65255993842873,41.77498187457789,821.1440409839751,1,8.22501812542211,0
281,North Carolina,0,1,8.428362592842197,0,243.6106522251871,-3.152538486503841,57.121876909140866,57.05586042282697,243.6106522251871,1,7.055860422826967,1
282,Arkansas,1,2,5.125827723569438,937.9370393239491,1866.5528812424473,5.558814225046227,49.521506249577115,60.02012170930327,2804.4899205663964,0,10.020121709303268,1
283,Colorado,1,1,-1.6354397261517475,1223.5922250663396,379.71791464634043,-0.021391911945550568,26.937733438361775,54.97495693156695,1603.31013971268,1,4.97495693156695,1
284,Colorado,0,2,5.839913399921207,0,562.5381624865238,1.7624488790351014,46.51308223878222,50.571324161596685,562.5381624865238,1,0.5713241615966851,1
285,Nevada,1,3,9.782229292041679,1611.3700048890685,260.5958106527122,1.83058339354083,45.571979503500664,60.912179997923005,1871.9658155417806,0,10.912179997923005,1
286,Iowa,1,1,-7.341233944600592,2061.5209048769125,656.9126471597529,-0.8595636134194709,45.17135172731998,41.99788449463744,2718.4335520366653,1,8.00211550536256,0
287,New Hampshire,1,2,1.755824770700722,2596.5483930564014,100,0.9191370478440195,42.624973131486975,54.24033882470456,2696.5483930564014,1,4.240338824704558,1
288,New York,1,3,-4.8888784042110895,1226.6714893453795,776.418694499204,1.2824850460575208,45.29451914364071,48.224183389345626,2003.0901838445834,1,1.775816610654374,0
289,North Dakota,1,1,-17.501418729775086,443.5908800245909,1853.5182267062517,0.35678151055070795,29.29754818548655,42.98208367029688,2297.1091067308425,1,7.0179163297031195,0
290,Louisiana,1,3,2.665889534483262,2381.5159033991713,1148.867421681326,4.072248517862589,48.27804228910527,60.9425426746817,3530.3833250804973,0,10.942542674681697,1
291,Massachusetts,1,2,-11.314145712711547,2060.760120836894,1379.0703954890882,1.63675901863242,33.07497049334684,53.00854773244638,3439.8305163259824,1,3.008547732446381,1
292,Alabama,0,2,0.8561830583104708,0,100,-0.8021180571882756,36.575375065211865,44.10748600009493,100,1,5.89251399990507,0
293,Tennessee,0,3,-0.37689752754018413,0,749.4219282779662,2.289523828720239,40.13023656312483,52.421775474316114,749.4219282779662,1,2.4217754743161137,1
294,Colorado,1,2,-4.061825035458762,2886.542823975884,100,1.7632511707911316,42.55376373784416,55.30927338099484,2986.542823975884,1,5.3092733809948385,1
295,Maine,1,3,-0.3727303852899047,2181.450283537504,890.0051638435773,3.928488055446504,28.778094570673073,57.80560023842257,3071.4554473810813,1,7.805600238422571,1
296,Virginia,0,1,-11.275529250522812,0,1063.3316850039105,1.2016677893986243,52.030786532965635,54.40867904067624,1063.3316850039105,1,4.40867904067624,1
297,Ohio,1,3,-9.010078022431504,2023.9276922398137,330.65917795235924,4.161568973562378,44.67470648851226,53.82962912454489,2354.586870192173,1,3.829629124544887,1
298,South Carolina,1,1,13.67195816091469,1841.3032653378577,494.13555845324714,2.810736359838108,55.78750754160041,65.234818268827,2335.438823791105,0,15.234818268826999,1
299,Maryland,1,2,4.245813093009647,3318.632965647621,752.203383745403,3.543619593562709,49.73728667753539,63.17381087714216,4070.8363493930237,0,13.17381087714216,1
300,Connecticut,1,4,0.16129309026308689,1085.0270490269454,325.43738281249085,3.8037438452511614,34.46854464129789,49.263486618274065,1410.4644318394362,1,0.7365133817259348,0
301,Louisiana,1,4,14.800293477519325,200,1035.3074116651999,1.3275602395067763,45.94020028792338,62.146700285863346,1235.3074116651999,0,12.146700285863346,1
302,Arkansas,0,1,2.1812676891905904,0,1322.5892257875328,1.103264016136063,44.0306854754875,42.1141032639827,1322.5892257875328,1,7.885896736017301,0
303,Pennsylvania,1,3,-16.731203603141346,200,706.9341912968906,3.604129438045104,40.43751077733526,55.39588679079819,906.9341912968906,1,5.395886790798187,1
304,Maine,1,1,12.667071678980593,3185.0015935397405,452.8218250268059,-0.093967877480583,40.90673394646221,65.01304935301913,3637.8234185665465,0,15.013049353019127,1
305,Montana,1,3,9.37073059472947,682.908295374621,1241.9054102895655,2.912229066728272,44.28348695569485,64.18770568609482,1924.8137056641865,0,14.187705686094816,1
306,Arizona,0,1,0.5710231608600979,0,464.958251195566,2.1676490217677133,43.59369648394888,52.85170355706748,464.958251195566,1,2.8517035570674807,1
307,Kansas,1,3,-5.167208659840195,1895.7580777900541,329.24046109444737,3.252323042707755,47.1700274397487,45.257037219429186,2224.9985388845016,1,4.742962780570814,0
308,Kansas,0,2,4.420152246944428,0,459.4904177318122,2.841943537653811,37.09283131981563,41.45719973568143,459.4904177318122,1,8.542800264318572,0
309,Arkansas,1,1,-14.15323614049968,2170.380784700127,100,3.941937040818013,58.81442078491346,61.65690393311638,2270.380784700127,0,11.656903933116382,1
310,Maryland,0,3,-2.461859527758498,0,1369.0127775818064,-0.9607319464033255,49.259582536743885,48.91504406375954,1369.0127775818064,1,1.084955936240462,0
311,California,0,2,7.540621049163429,0,1105.5294901420625,-0.8833037149309573,40.20302446899207,48.12646117600768,1105.5294901420625,1,1.8735388239923196,0
312,Kentucky,1,4,-1.5271333109997245,1898.9142610623496,855.3998010097553,2.0786516639122805,37.78013995119236,53.41823754733136,2754.314062072105,1,3.4182375473313584,1
313,Nebraska,1,1,2.64149759936951,2058.5479647165844,1122.6733741267267,1.491616768243937,44.99724885430077,62.99811947883717,3181.221338843311,0,12.998119478837168,1
314,New Jersey,1,1,-3.916882382317852,2772.790443136003,405.69742632891837,0.32867731098037023,44.04889914828749,60.19586513396148,3178.4878694649215,0,10.195865133961483,1
315,Utah,1,1,-2.5437747476322543,1907.2054772606805,1074.3582241715385,1.5001411869522605,44.736785702094586,58.10676564708396,2981.563701432219,1,8.10676564708396,1
316,North Carolina,1,3,11.490743076141131,1713.9942982221905,1211.697765168948,0.7988599136563532,49.88759637271683,71.38561282958894,2925.6920633911386,0,21.385612829588936,1
317,Idaho,1,3,-4.648917635681054,1574.932664530887,1279.095998686391,5.160725479272362,44.507836098683654,56.53725266618166,2854.0286632172783,1,6.537252666181658,1
318,Pennsylvania,1,1,0.4483501150178515,2230.4929725724915,936.768766333131,-1.3104007558828576,53.92334629397767,44.87276374895305,3167.261738905622,1,5.127236251046952,0
319,California,0,1,-7.027594496232941,0,464.2661946278474,2.1962063932406477,46.361226267838184,41.33327353272395,464.2661946278474,1,8.66672646727605,0
320,Nevada,0,3,-5.300523825138965,0,847.1777854133221,2.4955810249258095,49.442691426417504,49.849972941542525,847.1777854133221,1,0.150027058457475,0
321,Ohio,1,3,-10.880391218179291,1252.729935939626,1253.7881623289286,4.435327392212692,49.96602165286473,58.024375218812,2506.5180982685547,1,8.024375218811997,1
322,New Jersey,1,1,10.850439290380107,2161.0992399320467,674.279428019519,4.347366250639333,47.87615197103434,64.03506341000416,2835.3786679515656,0,14.035063410004156,1
323,Alabama,1,1,9.359630350704041,2463.520502758672,915.5351539425462,1.3343294029427955,40.257958920542194,62.145495024927705,3379.055656701218,0,12.145495024927705,1
324,Washington,1,1,5.421690160186889,2413.242489168622,100,2.8298976440952455,44.77446204848513,61.28060710182822,2513.242489168622,0,11.280607101828217,1
325,Kentucky,1,2,-1.424933128119427,2779.6243552089,100,1.7542434430267437,38.07223661004889,44.43455495032403,2879.6243552089,1,5.565445049675972,0
326,Nevada,1,1,21.171086500984767,200,283.569237958381,1.6751833551013344,36.491724107401225,64.0654239598468,483.569237958381,0,14.065423959846797,1
327,Wyoming,0,1,-13.557901323838944,0,1470.66566403799,-0.17273711485757914,50.66690554378268,44.43664793944097,1470.66566403799,1,5.563352060559033,0
328,Louisiana,1,3,13.672318197619663,1598.7608179922413,525.765722309502,-0.2542117339998766,49.92117919801664,62.61146511351756,2124.5265403017434,0,12.61146511351756,1
329,Montana,1,2,-5.7640977014541965,1239.7460077885387,1738.063080951853,1.552813912696105,41.69652256865721,48.8666416621502,2977.8090887403914,1,1.1333583378497991,0
330,Ohio,1,1,-6.153670645090271,1457.711364372496,100,0.04984278067619474,43.543888434820865,50.06001881609984,1557.711364372496,1,0.06001881609984139,1
331,Arizona,1,2,-8.652318158269543,1196.120595260298,944.6323480250353,-2.1642043382080005,51.26126214896579,45.58289119448857,2140.7529432853335,1,4.4171088055114325,0
332,California,0,3,-6.337143139381952,0,1315.702038540025,2.2522067905621026,50.95239408816193,50.65658571327391,1315.702038540025,1,0.6565857132739126,1
333,West Virginia,1,4,5.213197316211292,1408.2305053655462,937.7409979493791,3.2098493399996144,56.227442408638865,63.76700422405724,2345.971503314925,0,13.767004224057239,1
334,Arkansas,1,2,0.13948256018713534,691.3599928818682,703.8017143147425,1.960473404526911,39.0499077909644,52.546703753148684,1395.1617071966107,1,2.546703753148684,1
335,West Virginia,1,2,-3.5883531924826473,1409.9900897444795,192.13320512259088,1.7157174485533349,61.12262314356913,62.57520534047648,1602.1232948670704,0,12.57520534047648,1
336,Pennsylvania,1,2,-10.121102348120129,1562.2436091013265,564.1045544260548,3.1421120427599574,50.81860412958844,50.34117357382467,2126.348163527381,1,0.34117357382466906,1
337,Iowa,0,2,-7.105093040276883,0,100,-1.035037829268254,49.70484493145081,45.235755883106414,100,1,4.764244116893586,0
338,Georgia,1,1,-0.5749462293921916,655.1579860614828,1706.8277434476986,0.5774531609759093,57.47241247511439,56.54686926662169,2361.9857295091815,1,6.546869266621691,1
339,Nebraska,0,2,-0.380939765755974,0,1106.924452014037,1.2018143782088087,46.02959628752595,45.6031954790385,1106.924452014037,1,4.396804520961503,0
340,South Dakota,1,3,1.1768755830928674,462.1359455468985,1625.1224845776042,1.9783954047294343,44.45135614305778,56.59617390460431,2087.2584301245024,1,6.5961739046043135,1
341,Maryland,0,1,5.757802443945887,0,898.9888157008802,1.4234162947105968,49.38558378792038,53.76009742816439,898.9888157008802,1,3.760097428164393,1
342,North Carolina,1,2,-0.15425974694042116,1330.2047565182024,686.4087180584263,1.041977965251881,46.84972074261775,60.013004909384456,2016.6134745766287,0,10.013004909384456,1
343,Illinois,0,1,-12.123447018478737,0,244.49261359524962,0.5429238138957391,54.20188606582019,49.954672623729984,244.49261359524962,1,0.04532737627001637,0
344,Utah,1,3,1.5190592156289038,648.6061091281016,100,-1.3523575196885869,38.16818954993988,46.43198166050952,748.6061091281016,1,3.5680183394904788,0
345,Nevada,1,2,0.937190950609748,2704.4955165362617,964.8178734181589,3.499570382341899,49.126961358816644,64.32225486256343,3669.3133899544205,0,14.322254862563426,1
346,New Hampshire,0,1,-3.950921368479687,0,218.96944907481122,3.342942531455576,39.13864313202063,48.06680921784584,218.96944907481122,1,1.9331907821541634,0
347,Mississippi,0,4,6.827963915163292,0,1151.2560622817173,2.74994673574974,43.23894280924251,61.18941102818522,1151.2560622817173,0,11.18941102818522,1
348,New Mexico,1,2,-12.543359134353391,2152.0070340805696,1250.9900997937496,2.726916710439159,36.050318858419345,55.60696508014925,3402.997133874319,1,5.606965080149251,1
349,Utah,0,1,-2.1048134029639747,0,569.2395841633108,4.600889495136089,42.47717898569883,57.52951354658589,569.2395841633108,1,7.529513546585889,1
350,Utah,1,3,20.211754034808465,1923.2203139621688,623.4032920109714,3.707177150557272,41.120625177212574,65.5680237793177,2546.62360597314,0,15.568023779317699,1
351,Idaho,1,1,3.5959791984288767,2274.7918865297347,1246.5659915173017,4.807451516877793,42.02717047400057,70.45803783396738,3521.357878047036,0,20.45803783396738,1
352,California,1,3,2.0902780084912966,200,162.79139044625788,1.452000532265005,46.89560666454223,63.50367825026869,362.7913904462579,0,13.503678250268692,1
353,Indiana,1,3,-7.97839050028866,2711.6943756609435,375.3119610755843,1.3344504061428886,41.539507624890575,47.79727665782731,3087.006336736528,1,2.202723342172689,0
354,Nebraska,1,3,-7.504287537457988,2703.574879710196,184.37507025057334,-0.5013352003109941,43.88562007731532,62.088773729067476,2887.949949960769,0,12.088773729067476,1
355,Utah,1,2,6.921080749875067,1889.236619228836,621.9609697954913,0.1134390029007728,48.663018352311894,56.954035076938865,2511.1975890243275,1,6.954035076938865,1
356,Michigan,1,3,-2.7326429052492536,2446.736838209146,381.98388890467675,2.8213043840322047,52.625625498845444,41.69628068343621,2828.7207271138227,1,8.303719316563793,0
357,Nebraska,1,1,-5.606576377903206,334.6437828741848,702.5398871161223,3.819617387257755,39.62379909319379,52.222205162087484,1037.183669990307,1,2.2222051620874836,1
358,Virginia,0,1,-0.9629213919315313,0,100,0.9216193116176676,31.097438325528945,47.40237449207529,100,1,2.597625507924711,0
359,Georgia,0,1,-4.348981680757834,0,154.27769182860175,-0.22854262095942168,52.771974189037216,42.256170044661076,154.27769182860175,1,7.743829955338924,0
360,Missouri,1,1,13.229970915923728,1553.1454565682725,929.9783151332318,-1.749620669681506,50.15263338578943,62.627525034956605,2483.123771701504,0,12.627525034956605,1
361,New Mexico,1,2,-0.31174440355889266,2465.7286287527645,465.9681944309383,1.190263841695156,40.241901745586716,61.06288971307808,2931.6968231837027,0,11.062889713078079,1
362,North Carolina,1,2,-7.880736402563236,1290.309046383709,768.1863225851465,1.0308556059171659,43.61126843509648,49.566563938489836,2058.4953689688555,1,0.43343606151016445,0
363,Missouri,1,1,-1.6971678532756131,601.3200069038065,1424.2778004370393,4.87348362611605,44.62028230588198,61.91822468345634,2025.597807340846,0,11.918224683456337,1
364,Delaware,1,2,-9.57266403492837,1685.2317172614853,100,2.487168153280113,30.55705318042977,56.52104985929116,1785.2317172614853,1,6.5210498592911605,1
365,Pennsylvania,1,1,-2.581483234088163,481.2019121364365,1512.8835701321236,2.3279758420452885,43.221988634491396,53.64569932884102,1994.08548226856,1,3.645699328841019,1
366,Florida,1,1,-23.453094239040052,788.6786359261214,100,-0.27295448854490933,33.8794687344192,48.81289102209608,888.6786359261214,1,1.1871089779039181,0
367,Washington,1,1,0.4971700248262281,902.1775833207314,100,-2.173073187199503,36.91996869565325,49.81981931709755,1002.1775833207314,1,0.18018068290245282,0
368,Massachusetts,0,1,-9.10136031373164,0,602.4142690368031,1.5950353424334691,54.20714290436433,55.01963763871631,602.4142690368031,1,5.019637638716311,1
369,New Hampshire,1,2,0.2036344097822185,1516.587442742207,1293.689198078454,1.3113260548283048,40.784747944564394,46.45258401967919,2810.2766408206608,1,3.5474159803208067,0
370,West Virginia,1,1,-11.792067830521018,869.4198730267672,100,1.0077323789440447,47.398221068184604,45.07860368201287,969.4198730267672,1,4.921396317987131,0
371,Nebraska,1,1,2.223758842283659,4149.885020752461,1692.6392777790725,3.701224300109546,53.44171153233661,66.09346683463872,5842.5242985315335,0,16.09346683463872,1
372,Arizona,1,4,1.0247189571035622,399.5208519621983,1201.1709183296114,2.090343078083571,51.85036501184052,61.25683368448206,1600.6917702918097,0,11.25683368448206,1
373,Wisconsin,1,1,4.080005748596598,2372.7239736522934,598.0106581284642,0.9995360700742466,44.603186061928895,56.687825828612056,2970.734631780758,1,6.6878258286120555,1
374,Louisiana,1,3,0.8310175548243431,1627.6460244147906,2075.4810347718003,4.230001085938329,43.30500831400907,52.58964789227289,3703.127059186591,1,2.589647892272893,1
375,Minnesota,1,2,-19.145941622343894,1216.7111472518836,147.13159159124075,2.5522013182240375,49.990335710040284,49.76213016837128,1363.8427388431244,1,0.23786983162872133,0
376,Nevada,0,3,1.5780882839018537,0,100,4.220911392241318,35.384652142172634,59.53039560193069,100,1,9.530395601930692,1
377,Pennsylvania,1,2,-9.519544797043894,2030.2960468142471,669.2086104595022,2.1545145933494423,50.24794142248028,50.66052767609705,2699.504657273749,1,0.6605276760970469,1
378,Idaho,0,1,-9.435312659779235,0,1685.4323672825421,2.9091852262236673,47.71463360833951,47.29479701952694,1685.4323672825421,1,2.705202980473061,0
379,West Virginia,1,5,-3.1066821368944955,2029.8309957218344,100,3.6977370079223535,48.26225252100986,54.925303846233085,2129.8309957218344,1,4.925303846233085,1
380,Washington,1,2,-7.481421491618777,2307.8048561260484,1186.8026106947627,1.808063386955435,50.56507664914327,65.49254674571918,3494.607466820811,0,15.492546745719181,1
381,Illinois,0,3,9.452894118252408,0,1061.1631474918659,1.9354300761915297,42.334242902152326,49.11519684621011,1061.1631474918659,1,0.884803153789889,0
382,Oklahoma,1,1,12.989171184257902,2306.7780092511484,100,5.449641616328166,43.72092637523831,74.05049082913172,2406.7780092511484,0,24.050490829131718,1
383,Massachusetts,1,3,6.753696276403972,1901.1753683591319,234.20205786268866,1.5296861960375923,29.341496178395165,56.79172599965145,2135.3774262218203,1,6.791725999651447,1
384,Illinois,0,5,9.711664316057501,0,100,1.7700737864980833,39.7191716721612,53.148262898652895,100,1,3.148262898652895,1
385,Delaware,1,3,0.9411075603602327,2563.0511790922774,517.164939107575,3.832459620846781,43.18874283473418,67.15096653628137,3080.2161181998526,0,17.150966536281373,1
386,Virginia,0,2,-8.07796818937559,0,994.680394494419,4.578527669561469,45.37068496343171,50.45325408519051,994.680394494419,1,0.45325408519050825,1
387,Delaware,1,3,-1.9076498444509313,1638.5901587695193,1158.002732414016,2.5823742885330008,30.67738305902837,53.69411811319387,2796.5928911835354,1,3.6941181131938734,1
388,Utah,1,5,4.36429318085217,1244.2591195026293,100,-0.7708550926067161,40.3316395095098,45.40417382901622,1344.2591195026293,1,4.595826170983777,0
389,Massachusetts,1,1,12.834052391734765,1274.8289078139403,100,1.179820706392341,43.38283932867147,59.842842977448,1374.8289078139403,1,9.842842977448,1
390,Utah,1,3,9.172122193152598,1058.510192285823,580.644768700548,0.5445636416185251,42.898641845202704,54.26518881021744,1639.154960986371,1,4.265188810217438,1
391,New York,1,3,-2.3300896863136926,3093.0915681937413,100,0.8425337393106873,24.146033379825937,53.936005093649776,3193.0915681937413,1,3.9360050936497757,1
392,Delaware,1,1,3.331537310866818,2242.492227443744,536.7127594468805,0.3022568923870641,58.9421122786144,59.190550698638376,2779.2049868906242,1,9.190550698638376,1
393,Rhode Island,0,4,-4.509281700556745,0,100,3.8058065844681463,36.57699276341061,47.82432201249271,100,1,2.1756779875072922,0
394,Utah,1,1,-3.0067272690333744,2466.2449592275684,100,3.2054890260787308,44.549173385768356,55.335716043825755,2566.2449592275684,1,5.335716043825755,1
395,West Virginia,1,2,5.177207897505594,2417.065080191067,1705.0164279827595,2.1181128466492565,50.41229054080418,64.01719332859287,4122.0815081738265,0,14.017193328592867,1
396,Iowa,1,1,-3.1719652315798372,848.3769965350514,1295.3387945630188,1.0648967285389532,50.37850334125167,55.768970872637254,2143.7157910980704,1,5.768970872637254,1
397,New Mexico,1,3,6.512046676422466,1640.5442606949118,381.0551312639243,1.6671970976268318,38.3907347185162,62.190878153124466,2021.5993919588361,0,12.190878153124466,1
398,Georgia,1,2,7.688552374389622,1987.8400702952677,696.5075561867937,4.164700842074531,37.76925974796241,62.398033641466384,2684.3476264820615,0,12.398033641466384,1
399,Texas,0,1,4.517756729063656,0,421.38782220495335,2.2420862234981747,56.096824725792814,59.23829580043501,421.38782220495335,1,9.238295800435012,1
400,Montana,0,1,-4.5856317707318786,0,353.03868774145315,3.6499608819144393,57.269889125600955,54.03263407288374,353.03868774145315,1,4.032634072883738,1
401,Wyoming,0,1,0.15056519742296645,0,100,1.7303504655263267,36.77489262931062,53.777192976327164,100,1,3.7771929763271643,1
402,Oregon,1,1,1.410768235189338,2162.0495565865644,785.7163927302993,4.805263954135098,34.337569492741814,66.57371113609757,2947.765949316864,0,16.57371113609757,1
403,Ohio,1,1,-1.528400976721395,2579.2770755773395,2112.367833880232,3.9515292451960016,53.086893347354945,63.423467071213295,4691.644909457571,0,13.423467071213295,1
404,North Carolina,1,1,-5.57940000354383,200,1182.7606054107307,0.5716587165423292,58.08285547646828,54.774801795337815,1382.7606054107307,1,4.774801795337815,1
405,Arkansas,1,1,4.724537568793736,2274.6060006659072,579.2805932052081,3.155614785818968,58.39542606285262,69.090895182846,2853.886593871115,0,19.090895182845998,1
406,Wyoming,1,1,-5.730069168266793,2799.5221366372552,1927.244366385597,0.6274400882948021,45.210203267919454,49.51180618750748,4726.766503022853,1,0.4881938124925185,0
407,Iowa,1,3,-0.09771411726288046,1217.8586111192262,1593.8781066169636,2.0207977685575953,40.13629086233741,59.202397820310196,2811.73671773619,1,9.202397820310196,1
408,North Carolina,1,2,-6.061701229311387,200,1092.0100941564012,4.106709186501243,43.21059799635729,58.97655754489518,1292.0100941564012,1,8.97655754489518,1
409,Idaho,1,2,7.342171587195353,465.8060511828887,831.3699602546803,0.46657218462403005,51.46902861772031,64.5704094596054,1297.176011437569,0,14.5704094596054,1
410,Idaho,0,1,-23.594299313891597,0,450.54248427286876,4.899309873877696,42.759686180747764,45.03426311864231,450.54248427286876,1,4.965736881357692,0
411,Nebraska,0,1,-3.882323912188177,0,1067.791956581976,-1.763181806520039,43.60517620557611,38.920254235030555,1067.791956581976,0,11.079745764969445,0
412,Arkansas,1,1,5.300510201302741,1252.5158972501436,527.2744453879795,4.629540173930131,41.70229720662599,60.745053441976005,1779.790342638123,0,10.745053441976005,1
413,Nevada,1,1,-6.276745503580481,1897.1922013358517,1168.3381019839312,3.2990643291847777,41.54224868535799,51.19689260639338,3065.530303319783,1,1.1968926063933765,1
414,Nevada,0,1,-1.4615744027985218,0,100,-0.3006114375514999,47.64917999121837,48.10208752540878,100,1,1.897912474591223,0
415,Florida,1,1,16.744181207284036,2263.896456263067,1226.1710760199458,2.0995172238695083,57.25331011822643,66.43465530830127,3490.067532283013,0,16.434655308301274,1
416,Maryland,1,4,-0.10316445531585383,1183.8814269192403,954.945500897516,-1.0385218593589167,35.04014607967494,47.310730299338644,2138.8269278167563,1,2.689269700661356,0
417,South Dakota,1,1,-6.444012555223726,1885.1814931627455,647.0245194095861,-0.6587523675395923,37.91462708866409,53.10494613832833,2532.2060125723315,1,3.10494613832833,1
418,Mississippi,1,1,-1.4928395356592183,2080.121841940754,100,2.8860867840815305,41.65013574205556,63.779578142227166,2180.121841940754,0,13.779578142227166,1
419,Illinois,1,2,-2.621057209576228,1380.7050155079094,643.4940356921654,2.4092679810714186,33.08544030167419,53.34579525071993,2024.1990512000748,1,3.345795250719931,1
420,Arizona,1,1,9.951587258407804,2181.5590417456538,1305.6155227629658,3.5793819943909178,34.25559143023406,61.04601493201126,3487.1745645086194,0,11.04601493201126,1
421,Michigan,0,2,-4.524708628916845,0,1250.4585915055745,2.9351123239379677,37.73287961321732,43.720121524193516,1250.4585915055745,1,6.279878475806484,0
422,Ohio,1,3,-7.447186020147335,919.4879937554525,2248.03474006934,1.4386517617454273,47.93133052327221,59.822875313327046,3167.5227338247923,1,9.822875313327046,1
423,Minnesota,1,2,2.610686075213343,1684.047228908954,609.6258835645826,3.817214236575703,38.82787551736851,64.899263722349815,2293.6731124735365,0,14.899263722349815,1
424,Iowa,0,3,9.950161229887339,0,596.3555241792981,2.1876595310217217,53.13511636888648,48.31603977000779,596.3555241792981,1,1.6839602299922092,0
425,New Hampshire,1,1,1.0301461956644238,2240.36417546696,100,-0.16465570545315833,43.50947308044552,57.630412020454884,2340.36417546696,1,7.630412020454884,1
426,Alaska,1,1,-6.334063745465257,1150.085548180104,334.9991036823583,3.7086172756628333,45.81486090514225,54.11669332988051,1485.0846518624624,1,4.116693329880512,1
427,Montana,1,3,-18.73419963740037,1793.271332935449,100,-2.026332678465305,46.619173393169056,44.612331124407135,1893.271332935449,1,5.3876688755928654,0
428,North Carolina,1,1,5.117541035495462,1446.7924875593096,1625.0955399460936,5.651478897459143,62.3061076354957,64.37957494172481,3071.8880275054034,0,14.379574941724812,1
429,Colorado,0,1,-11.125631448848875,0,2128.80862419158,-1.1527152487167314,38.96833226836517,44.049764956245625,2128.80862419158,1,5.950235043754375,0
430,Hawaii,1,1,-7.291222267551732,1671.0136619826803,1169.5380684007603,1.1679254472263823,52.32077669825487,57.13002743777932,2840.5517303834404,1,7.130027437779319,1
431,North Carolina,1,2,4.796378774467218,2852.47591794814,955.2575682348645,1.4296830878585194,56.623695637995056,59.041597613571064,3807.733486183004,1,9.041597613571064,1
432,Delaware,1,3,-9.296029926639184,1627.2843794772239,422.3061322618136,-0.036462962217215455,52.201793658988464,47.39631212894898,2049.5905117390375,1,2.6036878710510223,0
433,Virginia,1,2,-14.849718382760456,1842.8252155146643,149.81398237145015,3.1722456279698674,58.9718095077599,49.75968395101687,1992.6391978861143,1,0.2403160489831322,0
434,New Jersey,1,3,11.645412541160537,2285.0775281956976,373.51143222035904,-1.299209915097256,45.14012362517154,55.15727038880485,2658.5889604160566,1,5.157270388804847,1
435,South Dakota,1,4,-3.8837123401721017,1074.0395105205575,1064.5472367617645,3.5210240655726492,50.31322072760658,55.7935976624362,2138.586747282322,1,5.7935976624361984,1
